scenario_id,subtype,seed,truth_decay_rate_per_s,truth_frequency_hz,decay_rate_per_s,dominant_frequency_hz,damping_ratio,quality_factor,confidence_tier,uncertainty_fraction,lower_bound_per_s,upper_bound_per_s,estimator_count,estimator_names,estimator_spread_fraction,selected_input_model,impulse_fit_r2,reconstruction_r2,nonlinear_alpha,decrement_alpha,esprit_alpha,classification_unchanged,accepted_decay_rate_per_s,accepted_damping_ratio,accepted_quality_factor,accepted_lower_bound_per_s,accepted_upper_bound_per_s,damping_status,event_frequency_mad_fraction,event_shift_mad_samples,secondary_peak_ratio,accepted_relative_error,truth_inside_final_interval,candidate_relative_error,event_count_stationarity,frequency_relative_error
1,standard,792394621,7672.134886125444,9203.40551642495,7707.406479753229,9231.017534548926,0.13172789566345436,3.7957032372051804,high,0.35,5009.814211839599,10404.99874766686,3,"nonlinear_deconvolved_fit,logarithmic_decrement,cadzow_esprit",0.003429999082133567,combined,0.9990365095739345,0.9292110087301004,7707.406479753229,7406.678329713722,7733.842876904413,True,7707.406479753229,0.13172789566345436,3.7957032372051804,3853.7032398766146,11561.109719629843,accepted_stationary_single_mode,0.0,0.0,0.03406230617111077,0.004597363595831958,1,0.004597363595831958,86.0,0.0030001957508770643
2,weak_noisy,1483269034,4032.602275619599,21200.078539641134,3105.5223045570206,21195.277698239046,0.02331297097489077,21.447287887010404,medium,0.55,1397.485037050659,4813.559572063382,2,"nonlinear_deconvolved_fit,cadzow_esprit",0.03874711850996553,combined,0.9979553382409962,0.7627225652530341,3105.5223045570206,,2864.8622230169963,True,,,,,,unresolved,,,,,0,0.22989620788232454,,0.00022645394417341122
3,missing_edges,1991555098,8508.094777088292,35467.1825918879,10541.77343817139,35478.660929881,0.0472369145401661,10.584941985887841,medium,0.55,4743.798047177125,16339.748829165655,2,"nonlinear_deconvolved_fit,cadzow_esprit",0.13004959092358592,combined,0.9736029334838708,0.6196021986348461,10541.77343817139,0.00024230076161149727,7799.866791684764,True,,,,,,unresolved,,,,,0,0.23902867967099448,,0.0003236326416220198
4,amplitude_jitter,232125828,4748.958173631641,23498.03426146927,6134.571030817937,23239.672900275295,0.041975066177557065,11.911833512899534,medium,0.55,2760.5569638680713,9508.585097767802,2,"nonlinear_deconvolved_fit,cadzow_esprit",0.12717931673202607,combined,0.995095325408187,0.6362603672967693,6134.571030817937,0.00010457664437878831,7694.952135104949,True,,,,,,unresolved,,,,,0,0.2917719648237467,,0.010995020192715544
5,rising_only,353569850,8676.175132250257,44629.956154192725,8182.036635183553,44080.570844641086,0.029528740143036147,16.932656035374965,medium,0.55,3681.9164858325985,12682.156784534507,3,"nonlinear_deconvolved_fit,logarithmic_decrement,cadzow_esprit",0.07337300405868619,rising,0.9093531090845219,0.5545603818943996,8182.036635183553,10058.604187951805,8782.377242425195,True,,,,,,unresolved,,,,,0,0.05695349500610462,,0.012309788242980992
6,two_mode,523190359,9044.020779058988,24619.246558218787,11203.11068937677,24558.29532231702,0.07241339183510813,6.904800166501597,low,1.0,0.0,22406.22137875354,3,"nonlinear_deconvolved_fit,logarithmic_decrement,cadzow_esprit",0.21144156123857066,combined,0.8580804008803873,0.8085810335243053,11203.11068937677,13897.10930310231,8834.307474486426,True,,,,,,unresolved,,,,,0,0.2387311974467213,,0.002475755533689165
7,frequency_jitter,2119403162,5224.092046605501,10146.48583894924,4958.509402487793,10010.967472175253,0.07858686884086248,6.362386075115097,high,0.35,3223.031111617065,6693.98769335852,3,"nonlinear_deconvolved_fit,logarithmic_decrement,cadzow_esprit",0.01996977039679395,combined,0.9948905397951141,0.8617991975159927,4958.509402487793,4575.927294063981,5057.529696765818,True,,,,,,candidate_only_nonstationary,0.0196078431372549,0.0,0.015571511377457912,,0,0.05083804836292622,50.0,0.013356187445092975
8,delay_jitter,1610879509,1997.0430512708124,13629.959974136862,1873.6762360174137,13611.785268181922,0.021902586057709245,22.828354546015383,medium,0.55,843.154306207836,2904.198165826991,2,"nonlinear_deconvolved_fit,cadzow_esprit",0.044445293312766976,combined,0.9996702560180263,0.8195326277019723,1873.6762360174137,1426.22233580902,2040.228415783324,True,,,,,,unresolved,,,,,0,0.06177473999616314,,0.001333437955021634
9,standard,896115389,5214.684754924849,26758.540338835148,5549.156832920686,26525.077531059917,0.03327743696272397,15.025195617080715,medium,0.55,2497.1205748143084,8601.193091027064,2,"nonlinear_deconvolved_fit,cadzow_esprit",0.015541140107882491,combined,0.995550959772576,0.8387471916430137,5549.156832920686,5159.790405522133,5376.676385278618,True,,,,,,unresolved,,,,,0,0.06414042146650478,,0.008724796077026765
10,weak_noisy,861141131,6482.695918224684,29204.172137955753,5566.566003986723,28788.735064788914,0.03075950633099827,16.255137342569082,high,0.35,3618.2679025913703,7514.8641053820775,3,"nonlinear_deconvolved_fit,logarithmic_decrement,cadzow_esprit",0.043618148974918704,combined,0.968490377778137,0.4055113196693141,5566.566003986723,5809.369309227334,6800.8607339404325,True,,,,,,candidate_only_nonstationary,0.019417475728155418,1.0,0.11389649854613008,,0,0.1413192791694056,138.0,0.014225264500030393
11,missing_edges,897717086,7453.964017470241,24262.404544923622,9797.43085798204,24738.511877194927,0.06290682304507436,7.948263412408176,medium,0.55,4408.843886091918,15186.017829872164,2,"nonlinear_deconvolved_fit,cadzow_esprit",0.05284186813678001,combined,0.996589363770015,0.5049555693251906,9797.43085798204,0.00017315180636335743,10832.859956935454,True,,,,,,unresolved,,,,,0,0.31439202483662326,,0.019623254215787138
12,amplitude_jitter,397144230,4715.667539104731,50856.389730526775,9650.313249117038,48840.87574578768,0.031431381303817715,15.907668682040043,unresolved,1.0,0.0,19300.626498234076,2,"nonlinear_deconvolved_fit,cadzow_esprit",0.3112254996341761,falling,0.7343792681194505,0.4243889537710853,9650.313249117038,,3643.4661239515194,True,,,,,,unresolved,,,,,0,1.046436303893711,,0.03963147984783661
13,rising_only,1453523384,8766.81542051019,35738.13042299813,11353.230912299608,35703.24460486324,0.05054479562820871,9.892215287165062,medium,0.55,5108.953910534823,17597.507914064394,2,"nonlinear_deconvolved_fit,cadzow_esprit",0.12096412786249881,rising,0.9734760384577213,0.8710200886137363,11353.230912299608,0.0004689178636970395,8606.56356084384,True,,,,,,unresolved,,,,,0,0.29502337710206994,,0.0009761511786425682
14,two_mode,1048677271,9944.734334158824,20333.293775828934,11658.168895456918,20162.928234462437,0.09163592222176593,5.456375489842966,medium,0.55,5246.176002955613,18070.161787958223,3,"nonlinear_deconvolved_fit,logarithmic_decrement,cadzow_esprit",0.09161377679918546,combined,0.9425616438410471,0.8411067922283506,12728.097040848537,11658.168895456918,10590.120012381321,True,,,,,,unresolved,,,,,0,0.17229565956454734,,0.008378649482211158
15,frequency_jitter,656651397,4133.248686770836,10632.146266477517,4087.691973230818,10604.556346814672,0.06123363671631339,8.165446751373398,high,0.35,2656.9997826000317,5518.384163861604,3,"nonlinear_deconvolved_fit,logarithmic_decrement,cadzow_esprit",0.02114572175924364,combined,0.998112888592793,0.9223469385061364,4087.691973230818,4174.12917033425,3922.6684075141757,True,4087.691973230818,0.06123363671631339,8.165446751373398,2043.845986615409,6131.537959846227,accepted_stationary_single_mode,0.0,0.0,0.03710535596426414,0.011022011253721528,1,0.011022011253721528,59.0,0.0025949529823375804
16,delay_jitter,1088610551,7278.118772447162,10592.741947057777,5754.520610153713,10299.02983600937,0.08857731710509585,5.6447860055047325,high,0.35,3740.4383965999136,7768.602823707513,3,"nonlinear_deconvolved_fit,logarithmic_decrement,cadzow_esprit",0.1125017272728109,combined,0.9832631066590102,0.8590295959401466,5754.520610153713,6401.914118422996,10704.21991156529,True,,,,,,candidate_only_nonstationary,0.00952380952380948,1.0,0.006115132451632562,,0,0.20933955736767412,109.0,0.027727675470276957
17,standard,1775932903,5552.997089722942,18625.121989167084,3770.1191560873385,18641.836574726556,0.03217078489034852,15.54205163797554,medium,0.55,1696.553620239302,5843.684691935375,2,"nonlinear_deconvolved_fit,cadzow_esprit",0.03132166875311358,combined,0.9987121632013598,0.9262519988453786,3770.1191560873385,0.000455904868978498,3533.946309353867,True,,,,,,unresolved,,,,,0,0.3210658865525459,,0.0008974215346988565
18,weak_noisy,1590504120,4091.2693985169435,36536.28810624145,4844.7012326318845,36157.072215214685,0.021320390067695174,23.451728529001166,medium,0.55,2180.115554684348,7509.286910579422,2,"nonlinear_deconvolved_fit,cadzow_esprit",0.30078335687574453,combined,0.9288498370331659,0.6347463660947579,4844.7012326318845,0.00013510266146114978,1930.2902330097336,True,,,,,,unresolved,,,,,0,0.1841560065411617,,0.010379157563134801
19,missing_edges,1357010207,6644.04278433398,21311.422706904363,5021.887697114057,20771.19203105698,0.03845071559792008,13.003659157569661,medium,0.55,2259.8494637013255,7783.925930526789,2,"nonlinear_deconvolved_fit,cadzow_esprit",0.38487875569695024,combined,0.9229465067080312,0.5236800180981825,5021.887697114057,0.00029085798657654756,8887.52347334422,True,,,,,,unresolved,,,,,0,0.2441518123641242,,0.025349348247518045
20,amplitude_jitter,431532497,1822.2391458053391,23961.94061631731,2124.4855552116596,24602.920318795845,0.013741882928801605,36.385115678147,medium,0.55,956.0184998452468,3292.9526105780724,2,"nonlinear_deconvolved_fit,cadzow_esprit",0.21377824013808663,combined,0.9912383104574122,0.5943934380415615,2124.4855552116596,,1216.1479888277906,True,,,,,,unresolved,,,,,0,0.16586539154428195,,0.026749907811809134
21,rising_only,635745047,8524.549471699567,30518.42989194826,8526.473862823785,30535.72222669198,0.04439693221290762,11.262039404034178,low,1.0,0.0,17052.94772564757,1,nonlinear_deconvolved_fit,inf,falling,0.9999909369700554,0.7904750112953407,8526.473862823785,,,True,,,,,,unresolved,,,,,0,0.0002257469594852107,,0.0005666194101382368
22,two_mode,1892650649,9148.26391201522,11745.999891606933,26836.754384370768,12122.876916960406,0.332303939711234,1.5046466209052194,low,1.0,0.0,53673.508768741536,3,"nonlinear_deconvolved_fit,logarithmic_decrement,cadzow_esprit",0.6903688334649379,combined,0.9856196297016515,0.6329711340217173,26836.754384370768,7037.552848678912,45364.01320269387,True,,,,,,unresolved,,,,,0,1.933535219630437,,0.03208556349662232
23,frequency_jitter,728196933,1830.3623971285156,8070.87510849997,1954.2813790599234,8055.065532032534,0.038584655161375214,12.958519336477575,medium,0.55,879.4266205769654,3029.1361375428814,2,"nonlinear_deconvolved_fit,cadzow_esprit",0.011810098442370352,combined,0.999643119452363,0.8549376765275668,1954.2813790599234,2077.244650459863,2000.4418900015014,True,,,,,,unresolved,,,,,0,0.06770188358644866,,0.001958842907974894
24,delay_jitter,1686041765,3144.348034078851,18647.69465993875,4542.751099802585,18864.980904924654,0.03829693256080781,13.055875929647911,medium,0.55,2044.2379949111628,7041.264204694006,2,"nonlinear_deconvolved_fit,cadzow_esprit",0.08385118656585301,combined,0.9852813996716481,0.5239279269600619,4542.751099802585,0.0004540986582121575,5304.5812397861455,True,,,,,,unresolved,,,,,0,0.44473545885113863,,0.01165217733067598
25,standard,1071219690,8858.102039517875,13568.029362469311,7581.821997703428,13379.508464534516,0.08982441847153273,5.5664151074739285,high,0.35,4928.184298507228,10235.459696899628,3,"nonlinear_deconvolved_fit,logarithmic_decrement,cadzow_esprit",0.03509457112924003,combined,0.9872243024938572,0.9173517310344158,7581.821997703428,7315.741206315788,8706.039686431224,True,7581.821997703428,0.08982441847153273,5.5664151074739285,3790.910998851714,11372.732996555142,accepted_stationary_single_mode,0.0,0.0,0.019742461635005697,0.14408053058326611,1,0.14408053058326611,102.0,0.013894493658472267
26,weak_noisy,1396739869,3345.4454382175677,42976.08671022594,7109.670302658174,43074.32169496307,0.02626040065234831,19.04007507803534,medium,0.55,3199.351636196178,11019.98896912017,2,"nonlinear_deconvolved_fit,cadzow_esprit",0.305148197681162,combined,0.9325517795575563,0.243917508427819,7109.670302658174,0.0002632082939764802,2770.664144731327,True,,,,,,unresolved,,,,,0,1.1251789736096134,,0.0022858057179448864
27,missing_edges,79695775,7415.379437384955,42524.72444312992,10446.017495179383,42613.28760681693,0.03898482277858309,12.825503987533391,medium,0.55,4700.707872830722,16191.327117528044,2,"nonlinear_deconvolved_fit,cadzow_esprit",0.1319537099125593,combined,0.9691384646785203,0.5919441806554523,10446.017495179383,0.0004602078536416988,7689.235970578544,True,,,,,,unresolved,,,,,0,0.4086962890280888,,0.002082627573647151
28,amplitude_jitter,2028131382,6380.445280688701,34714.161847600735,7746.109320554169,34646.96477110615,0.03556016742503351,14.060676206153401,high,0.35,5034.97105836021,10457.247582748128,3,"nonlinear_deconvolved_fit,logarithmic_decrement,cadzow_esprit",0.13863698648189282,combined,0.9900066613920374,0.7063025581959879,7746.109320554169,13207.347316499894,6672.212067393237,True,7746.109320554169,0.03556016742503351,14.060676206153401,3873.0546602770846,11619.163980831254,accepted_stationary_single_mode,0.0,0.0,0.060546308157272716,0.21403898627558784,1,0.21403898627558784,153.0,0.0019357251599387687
29,rising_only,2014311189,9086.011029544017,10528.960042809662,8471.243651598488,10424.424533831303,0.12826640863925837,3.898136739808629,high,0.35,5506.308373539017,11436.178929657959,3,"nonlinear_deconvolved_fit,logarithmic_decrement,cadzow_esprit",0.011992296243934893,rising,0.9913738151270881,0.7257960445979452,8471.243651598488,8572.83331502301,8967.898332008566,True,8471.243651598488,0.12826640863925837,3.898136739808629,4235.621825799244,12706.865477397732,accepted_stationary_single_mode,0.009803921568627343,0.0,0.01793299476196988,0.06766086635230303,1,0.06766086635230303,63.0,0.009928379303685102
30,two_mode,561957285,1861.9125158094039,14585.92758442806,2993.7069874907584,14325.714242635948,0.03324092245853021,15.041700501054871,medium,0.55,1347.1681443708412,4640.2458306106755,2,"nonlinear_deconvolved_fit,cadzow_esprit",0.03801663511897693,combined,0.9259571903942768,0.8878014243286453,2993.7069874907584,3574.153428006311,2766.0856550976227,True,,,,,,unresolved,,,,,0,0.6078666221271652,,0.01784002699080421
31,frequency_jitter,1510989973,2344.253668302823,21755.146421724483,2176.985416160479,21693.90709653223,0.015969175455373887,31.310320398022924,low,1.0,0.0,4353.970832320958,1,nonlinear_deconvolved_fit,inf,combined,0.9971233366537274,0.8743294558700325,2176.985416160479,0.0002844965510765313,,True,,,,,,unresolved,,,,,0,0.07135245404710903,,0.002814935096511153
32,delay_jitter,1263168346,6783.62733209771,12612.759211997736,5856.586392737876,12408.81453410217,0.07490530738345676,6.675094428761769,high,0.35,3806.7811552796193,7906.391630196133,3,"nonlinear_deconvolved_fit,logarithmic_decrement,cadzow_esprit",0.12030687457906092,combined,0.9812581140008713,0.7192700610279127,5856.586392737876,8163.053389053899,6561.173997350426,True,5856.586392737876,0.07490530738345676,6.675094428761769,2928.293196368938,8784.879589106815,accepted_stationary_single_mode,0.0,0.0,0.024308004304930755,0.13665858897840777,1,0.13665858897840777,72.0,0.016169711517331296
33,standard,1186823217,4438.988750715176,22330.755140892274,3340.740081054293,22325.576543477535,0.023808772745992284,21.000662458931853,medium,0.55,1503.3330364744318,5178.147125634155,2,"nonlinear_deconvolved_fit,cadzow_esprit",0.050318188373049216,combined,0.9975628871520147,0.7855096822152993,3340.740081054293,0.0004527945711847701,3004.540103646522,True,,,,,,unresolved,,,,,0,0.24740965371537416,,0.0002319042675478389
34,weak_noisy,405417850,6650.844924281646,18588.096137158005,6989.129634450882,18546.376388691224,0.05986933455435978,8.351520920046525,high,0.35,4542.934262393073,9435.32500650869,3,"nonlinear_deconvolved_fit,logarithmic_decrement,cadzow_esprit",0.030925033044873193,combined,0.995954320001433,0.7778293063686026,6989.129634450882,7939.815119230464,7205.268699351178,True,6989.129634450882,0.05986933455435978,8.351520920046525,3494.564817225441,10483.694451676323,accepted_stationary_single_mode,0.0,0.0,0.06590143400648008,0.0508634187115367,1,0.0508634187115367,85.0,0.002244433650382442
35,missing_edges,1709217016,6233.1230215472615,32650.897328879302,5929.148467521195,32509.84888643008,0.029014468948600228,17.23278137145164,high,0.35,3853.946503888777,8004.3504311536135,3,"nonlinear_deconvolved_fit,logarithmic_decrement,cadzow_esprit",0.06120037943937114,combined,0.9614194875708055,0.5599527172385583,5929.148467521195,10310.136859642464,6292.014603485858,True,,,,,,candidate_only_nonstationary,0.009999999999999967,0.0,0.105374405486078,,0,0.048767616646624476,180.0,0.00431989482642687
36,amplitude_jitter,237396326,3510.3631847433635,53475.947157777235,457.8006569984793,50699.01756825939,0.00143713164011525,347.9152403602378,low,1.0,0.0,915.6013139969587,2,"nonlinear_deconvolved_fit,cadzow_esprit",0.12393724522893113,falling,0.8881547405638566,0.489975686295435,457.8006569984793,,571.277761583252,True,,,,,,unresolved,,,,,0,0.8695859565220605,,0.05192857232289308
37,rising_only,1979045242,4143.332543292769,41015.16241712829,4161.35831690552,41021.38192364711,0.016143152940948792,30.972883787261768,medium,0.55,1872.6112426074837,6450.105391203556,2,"nonlinear_deconvolved_fit,cadzow_esprit",0.0007175170308953065,falling,0.999993181318218,0.7944478092428795,4161.35831690552,,4167.330007833595,True,,,,,,unresolved,,,,,0,0.004350549569556414,,0.00015163920248730718
38,two_mode,1232041587,1979.1326053473754,26656.86214206583,2602.25445540568,26350.07040781322,0.015715726923171847,31.815263935566456,low,1.0,0.0,5204.50891081136,1,nonlinear_deconvolved_fit,inf,combined,0.9336886579378735,0.9127853722636976,2602.25445540568,0.0002782958125090862,,True,,,,,,unresolved,,,,,0,0.3148459321900438,,0.011508921515877901
39,frequency_jitter,232526033,8604.001864752254,40177.18235796003,9460.375084459285,40215.26480061779,0.03741393422362673,13.36400489217336,medium,0.55,4257.1687880066775,14663.581380911892,2,"nonlinear_deconvolved_fit,cadzow_esprit",0.07930833685259434,combined,0.9845525682168863,0.7746498144297005,9460.375084459285,0.00035059566267563874,7959.80185655891,True,,,,,,unresolved,,,,,0,0.09953196584200065,,0.0009478624538292218
40,delay_jitter,918359516,3234.251339139679,51759.14595669951,22603.567878762846,48201.13146909221,0.07442754133582322,6.717943264361759,unresolved,1.0,0.0,45207.13575752569,1,nonlinear_deconvolved_fit,inf,rising,0.9239510234964492,0.07375282747144463,22603.567878762846,,,True,,,,,,unresolved,,,,,0,5.988809931134005,,0.06874175417391652
41,standard,1293219467,1827.3832809092623,23806.16877914808,1728.211727617029,23793.515976320632,0.011559244250902835,43.25542303173908,low,1.0,0.0,3456.423455234058,2,"nonlinear_deconvolved_fit,cadzow_esprit",1.033724128106622,combined,0.9980146536721901,0.8246652700400283,1728.211727617029,0.0002626408548735057,5301.200050246134,True,,,,,,unresolved,,,,,0,0.05426970593869496,,0.0005314926120548438
42,weak_noisy,1891453819,9424.505994272287,22987.22366026095,8892.748666817515,22901.14651682134,0.06168380094506717,8.105855870413654,medium,0.55,4001.7369000678814,13783.76043356715,2,"nonlinear_deconvolved_fit,cadzow_esprit",0.03158830658987995,combined,0.9984770888940674,0.7513998403232017,8892.748666817515,7330.077275089476,9454.56240944587,True,,,,,,unresolved,,,,,0,0.05642283296100039,,0.003744564576905117
43,missing_edges,705317797,6959.5202110684995,15120.954923347152,6519.076545302746,15088.208049466562,0.06860316545536402,7.288293429044758,medium,0.55,2933.5844453862355,10104.568645219257,2,"nonlinear_deconvolved_fit,cadzow_esprit",0.09939450043716952,combined,0.9963923018717721,0.644499674425775,6519.076545302746,4597.200083315946,7814.997258366817,True,,,,,,unresolved,,,,,0,0.06328649855276902,,0.002165661761879017
44,amplitude_jitter,304154267,6982.474683452968,12559.059945901849,6360.861147764965,12471.270201946789,0.08090943456137063,6.179749033108678,high,0.35,4134.559746047227,8587.162549482702,3,"nonlinear_deconvolved_fit,logarithmic_decrement,cadzow_esprit",0.02291740054283749,combined,0.99403021518078,0.7530781668643962,6360.861147764965,4629.779818977333,6506.635550485667,True,6360.861147764965,0.08090943456137063,6.179749033108678,3180.4305738824823,9541.291721647447,accepted_stationary_single_mode,0.0,0.0,0.025884412202743803,0.08902481768549761,1,0.08902481768549761,65.0,0.0069901524742468045
45,rising_only,1411351173,4625.119884629083,30860.149845308217,2294.504478574616,30515.235772306347,0.011966336610598758,41.78388225826296,medium,0.55,1032.527015358577,3556.4819417906547,2,"nonlinear_deconvolved_fit,cadzow_esprit",0.29574708302445823,rising,0.9506218036958815,0.7318842111121624,2294.504478574616,6613.360874856997,3651.690491624612,True,,,,,,unresolved,,,,,0,0.5039037828619167,,0.01117668173132051
46,two_mode,1450476027,4707.640527714575,17638.092041009633,1800.0000000000005,66666.66666666666,0.00429714378859613,116.35635775719507,low,1.0,0.0,3600.000000000001,2,"nonlinear_deconvolved_fit,cadzow_esprit",5.63132721119976,falling,1.0,0.8262606484212321,1800.0000000000005,0.00030134831296953126,22072.77796031914,True,,,,,,unresolved,,,,,0,0.6176428532715837,,2.7796983092991363
47,frequency_jitter,1920848199,3654.183944533199,15986.818820393511,,16175.673841688465,,,unresolved,,,,0,,inf,combined,,,,,,True,,,,,,unresolved,,,,,0,,,0.011813170801313014
48,delay_jitter,32982522,8243.87952385428,19447.47400041781,5629.145128266712,19031.907131043805,0.047021839167629975,10.633356943303102,high,0.35,3658.944333373363,7599.345923160062,3,"nonlinear_deconvolved_fit,logarithmic_decrement,cadzow_esprit",0.09159605844776189,combined,0.9786167162338418,0.6441611712037687,6144.752634446364,5629.145128266712,3323.690151456433,True,,,,,,candidate_only_nonstationary,0.009523809523809507,1.0,0.004975125200749784,,0,0.3171728053547652,177.0,0.021368681061873455
49,standard,969969413,5217.366955595396,13630.996488593333,5120.454014568022,13617.942233033493,0.05973664748055104,8.370071322847322,high,0.35,3328.2951094692144,6912.612919666831,3,"nonlinear_deconvolved_fit,logarithmic_decrement,cadzow_esprit",0.005079536310692795,combined,0.9995446553756315,0.9382469298033008,5120.454014568022,8265.902947371997,5146.463546662253,True,5120.454014568022,0.05973664748055104,8.370071322847322,2560.227007284011,7680.681021852033,accepted_stationary_single_mode,0.0,0.0,0.07729571638540651,0.018575067050524155,1,0.018575067050524155,67.0,0.0009576890120076272
50,weak_noisy,1985053572,3766.5619767643007,37471.74520123961,6724.363054843705,37319.56545223396,0.02866528103423887,17.442703575896623,medium,0.55,3025.963374679667,10422.762735007744,3,"nonlinear_deconvolved_fit,logarithmic_decrement,cadzow_esprit",0.45359357667200906,combined,0.9610647526023249,0.3481280510947241,6724.363054843705,10474.375358390229,3674.235165956032,True,,,,,,unresolved,,,,,0,0.7852787492482283,,0.004061186587077201
51,missing_edges,352147099,7352.026776566825,22232.67973370264,7470.808677051931,22210.109920675215,0.05345835459330067,9.353075002100034,low,1.0,0.0,14941.617354103862,1,nonlinear_deconvolved_fit,inf,rising,0.9999999051809288,0.5948189914625054,7470.808677051931,,,True,,,,,,unresolved,,,,,0,0.016156347643305757,,0.0010151638622856276
52,amplitude_jitter,1920270395,9989.196601109648,9002.34217929505,9125.241190278743,8870.212539964603,0.1615793592314216,3.0944546529849544,low,1.0,0.0,18250.482380557485,1,nonlinear_deconvolved_fit,inf,combined,0.9992475415509277,0.8283887443255831,9125.241190278743,7001.462627817351,,True,,,,,,unresolved,,,,,0,0.0864889785766088,,0.014677251397346254
53,rising_only,213613311,9897.515655576633,17519.28573749141,9691.135758463242,17480.358638273523,0.08789423859427901,5.688655001700472,medium,0.55,4361.011091308459,15021.260425618026,2,"nonlinear_deconvolved_fit,cadzow_esprit",0.3432121619948955,falling,0.9997146942956756,0.8763367411570736,9691.135758463242,0.0002592345743427316,16343.367070159664,True,,,,,,unresolved,,,,,0,0.020851686857106293,,0.002221956979363718
54,two_mode,609784801,6751.006580889375,18784.00613898424,6650.63869602892,18470.761837438236,0.057211949196090614,8.739433055956182,high,0.35,4322.915152418798,8978.362239639042,3,"nonlinear_deconvolved_fit,logarithmic_decrement,cadzow_esprit",0.0072110616691255566,combined,0.9602486617389,0.832838368225769,6650.63869602892,5596.285472741316,6698.596861805057,True,,,,,,candidate_only_nonstationary,0.010204081632652993,1.0,0.26984732558960545,,0,0.01486709924777359,94.0,0.016676117928640315
55,frequency_jitter,1440698860,5674.88686114263,29397.354367263702,5740.520092260577,29209.16794216065,0.031263661521257216,15.993008357643365,high,0.35,3731.3380599693755,7749.70212455178,3,"nonlinear_deconvolved_fit,logarithmic_decrement,cadzow_esprit",0.15159752369407534,combined,0.9802215328557268,0.6713006827881939,5740.520092260577,7830.472491297031,6610.768722963366,True,5740.520092260577,0.031263661521257216,15.993008357643365,2870.2600461302886,8610.780138390866,accepted_stationary_single_mode,0.00934579439252336,0.0,0.032215334402016765,0.011565557644391957,1,0.011565557644391957,178.0,0.006401474865799947
56,delay_jitter,1817049383,1990.2256275449881,25540.976255427493,5161.7869822119155,25416.730292585136,0.032305300781726484,15.477336161588235,low,1.0,0.0,10323.573964423831,1,nonlinear_deconvolved_fit,inf,combined,0.9167342601955253,0.33213614334315034,5161.7869822119155,0.00010197603276903243,,True,,,,,,unresolved,,,,,0,1.593568744554434,,0.004864573757863083
57,standard,1112311433,9532.967486638354,30901.727297172707,12140.822760253732,30220.465527621254,0.06380888631182213,7.835899181135887,medium,0.55,5463.370242114179,18818.275278393285,2,"nonlinear_deconvolved_fit,cadzow_esprit",0.06610847337895187,rising,0.9939646008904341,0.8343831995024484,12140.822760253732,,13746.045276743345,True,,,,,,unresolved,,,,,0,0.27356175055360393,,0.022046074091585925
58,weak_noisy,1193019836,6263.653816761571,10294.025287541648,3596.0847333958386,10104.322017743658,0.056551912150419284,8.841434020304703,medium,0.55,1618.2381300281272,5573.9313367635505,2,"nonlinear_deconvolved_fit,cadzow_esprit",0.005100502785308879,combined,0.9875718702606415,0.6593247169692915,3596.0847333958386,1005.0762421085835,3559.401052998054,True,,,,,,unresolved,,,,,0,0.4258806698779079,,0.01842848297911011
59,missing_edges,1142039732,3093.3063987502355,28313.078026978554,1702.2810054293043,28024.704186642128,0.00966696295469668,51.7225526096669,medium,0.55,766.0264524431868,2638.5355584154217,2,"nonlinear_deconvolved_fit,cadzow_esprit",0.09184460450218633,combined,0.9699338847010732,0.5425166752320325,1702.2810054293043,4061.6907218919036,2014.9716568197814,True,,,,,,unresolved,,,,,0,0.4496888487616152,,0.010185181563856973
60,amplitude_jitter,1404223215,9055.685750202196,23104.45731031984,7277.775557495508,22881.40257568958,0.05055689677130918,9.889847516981064,medium,0.55,3274.9990008729783,11280.552114118038,2,"nonlinear_deconvolved_fit,cadzow_esprit",0.11793704414952896,combined,0.9879304983030607,0.7049624254009521,7277.775557495508,0.0002818092140382167,8994.414231964929,True,,,,,,unresolved,,,,,0,0.19633081820081824,,0.00965418627385951
61,rising_only,813322839,8578.027017656921,12076.356117628056,8228.229078723622,11955.628744842017,0.10888404898809033,4.5920408420400465,high,0.35,5348.348901170354,11108.10925627689,3,"nonlinear_deconvolved_fit,logarithmic_decrement,cadzow_esprit",0.027030990121600797,rising,0.9957544700665871,0.490686432359302,8228.229078723622,6936.209615164733,8450.646257668868,True,,,,,,candidate_only_nonstationary,0.01960784313725493,0.0,0.04006525884199967,,0,0.04077836759120473,69.0,0.00999700336840941
62,two_mode,366910667,4362.476264798894,29174.50923567757,9071.735091585104,28038.41729919448,0.05142590730860111,9.722725882103664,medium,0.55,4082.280791213296,14061.189391956912,2,"nonlinear_deconvolved_fit,cadzow_esprit",0.11050477002889199,falling,0.9386282453993393,0.7920367542889816,9071.735091585104,,7066.795091467821,True,,,,,,unresolved,,,,,0,1.0794921372490958,,0.038941252697877855
63,frequency_jitter,605289037,9646.201869700271,22330.112430716603,9051.644030544596,21841.364509035582,0.06581504592828641,7.59704704217348,high,0.35,5883.568619853988,12219.719441235206,3,"nonlinear_deconvolved_fit,logarithmic_decrement,cadzow_esprit",0.06297889747404505,combined,0.9586746236277439,0.8275692692171288,9051.644030544596,11651.061503705552,11080.998942334332,True,9051.644030544596,0.06581504592828641,7.59704704217348,4525.822015272298,13577.466045816895,accepted_stationary_single_mode,0.00990099009900979,0.0,0.018461299352654354,0.06163647072566912,1,0.06163647072566912,182.0,0.021887391888305692
64,delay_jitter,137969000,9273.620278520462,35685.47705032893,3459.3745994003743,34452.608418944925,0.015978653065797717,31.29174893159482,low,1.0,0.0,6918.749198800749,3,"nonlinear_deconvolved_fit,logarithmic_decrement,cadzow_esprit",0.5319681254453996,combined,0.8405415727456117,0.2565588893656666,3459.3745994003743,13588.997844054331,5299.651620256822,True,,,,,,unresolved,,,,,0,0.626966115119791,,0.034548189720015075
65,standard,1747146250,6500.881467109724,8324.531600643542,6217.388724225043,8309.635012415874,0.11824657501036323,4.2284522824968045,high,0.35,4041.302670746278,8393.474777703808,3,"nonlinear_deconvolved_fit,logarithmic_decrement,cadzow_esprit",0.025649500356371927,combined,0.9989272124499277,0.8345451051258842,6653.03086999683,6217.388724225043,6057.91580992733,True,6217.388724225043,0.11824657501036323,4.2284522824968045,3108.6943621125215,9326.083086337565,accepted_stationary_single_mode,0.009615384615384803,0.0,0.021680533061190044,0.043608354393011486,1,0.043608354393011486,78.0,0.0017894806509613534
66,weak_noisy,906394187,5470.861324175086,10793.890700026726,5062.285628996045,10728.3673398879,0.0748879441283601,6.676642092657605,high,0.35,3290.485658847429,6834.085599144661,3,"nonlinear_deconvolved_fit,logarithmic_decrement,cadzow_esprit",0.021975258341819008,combined,0.9936252092810798,0.4681917222813651,5062.285628996045,4951.040594498779,5356.611599700204,True,,,,,,candidate_only_nonstationary,0.010416666666666827,0.0,0.048858191537938855,,0,0.07468215167026704,54.0,0.006070411676362823
67,missing_edges,1174268609,3951.6215931322504,21502.08884103028,4171.889989033652,21134.27347768156,0.0314015749619332,15.922768224400489,medium,0.55,1877.350495065143,6466.42948300216,2,"nonlinear_deconvolved_fit,cadzow_esprit",0.02138661096259413,combined,0.9974473919425392,0.7127422574701868,4171.889989033652,4367.2202233545295,4350.335165382059,True,,,,,,unresolved,,,,,0,0.055741267403796514,,0.017106029375474202
68,amplitude_jitter,510955901,4400.612352953347,18869.747019217906,3479.4514404181405,18698.61186505407,0.029602689564551452,16.890357172097588,high,0.35,2261.6434362717914,4697.25944456449,3,"nonlinear_deconvolved_fit,logarithmic_decrement,cadzow_esprit",0.05710344598993559,combined,0.9933899719111674,0.6834747290859549,3479.4514404181405,4404.650197243415,3678.1401078206613,True,3479.4514404181405,0.029602689564551452,16.890357172097588,1739.7257202090702,5219.1771606272105,accepted_stationary_single_mode,0.009900990099009887,0.0,0.019569473314036596,0.20932562076661793,1,0.20932562076661793,109.0,0.009069287149930693
69,rising_only,1038686500,8941.184955706196,11506.954122369985,8690.89821522899,11437.357146207325,0.12006216543183723,4.16450926236096,high,0.35,5649.0838398988435,11732.712590559137,3,"nonlinear_deconvolved_fit,logarithmic_decrement,cadzow_esprit",0.008649977168174651,rising,0.9964307833360164,0.8684113304183733,8690.89821522899,8615.72214409633,8956.476066091638,True,8690.89821522899,0.12006216543183723,4.16450926236096,4345.449107614495,13036.347322843485,accepted_stationary_single_mode,0.0,0.0,0.012567925024417764,0.027992569409659163,1,0.027992569409659163,49.0,0.00604825355368028
70,two_mode,1910859711,8587.5039062056,29730.95513423999,10303.293544197759,29189.870489239245,0.05608927329597148,8.914360458221728,medium,0.55,4636.482094888991,15970.104993506528,3,"nonlinear_deconvolved_fit,logarithmic_decrement,cadzow_esprit",0.10107457412659496,combined,0.9325173168974451,0.7457562325468314,10303.293544197759,8874.00275473232,11344.694551278842,True,,,,,,unresolved,,,,,0,0.19980074032365505,,0.018199369732915124
71,frequency_jitter,1324682155,2115.069922575682,40093.379320651955,6087.962248200989,40210.829590872454,0.024089234756742548,20.756159547992723,medium,0.55,2739.583011690445,9436.341484711533,2,"nonlinear_deconvolved_fit,cadzow_esprit",0.3040192301660815,combined,0.940708278103796,0.802944534290903,6087.962248200989,0.00015395478758518092,2386.247056244526,True,,,,,,unresolved,,,,,0,1.8783739881219685,,0.002929418078759973
72,delay_jitter,1719337071,7067.146269414715,14006.893091948274,5764.754756895952,13715.138341175872,0.06674691387058852,7.490983043342187,high,0.35,3747.0905919823686,7782.418921809535,3,"nonlinear_deconvolved_fit,logarithmic_decrement,cadzow_esprit",0.01621423172135005,combined,0.962367702264191,0.723877571201304,5764.754756895952,6660.3983364433525,6566.9272669982865,True,,,,,,candidate_only_nonstationary,0.0,1.0,0.06244857535942907,,0,0.18428817840593872,60.0,0.02082936942954991
73,standard,281743858,4186.094780513606,35508.72979162029,4268.779253596108,35612.65503087647,0.01907394210814913,26.21377359567326,medium,0.55,1920.9506641182484,6616.607843073967,3,"nonlinear_deconvolved_fit,logarithmic_decrement,cadzow_esprit",0.13413416639799283,combined,0.9488147163372715,0.9058953965911308,7972.537189323697,4268.779253596108,3696.190106877948,True,,,,,,unresolved,,,,,0,0.01975217414268807,,0.002926751811908189
74,weak_noisy,1194172160,2012.6433796078459,20290.01504502771,1946.877820073239,20233.417503607652,0.015312237857515247,32.65362023844215,medium,0.55,876.0950190329575,3017.6606211135204,2,"nonlinear_deconvolved_fit,cadzow_esprit",0.03215597316429137,combined,0.9995180518466864,0.6821694660613036,1946.877820073239,0.0004490859042079574,2072.0853219460973,True,,,,,,unresolved,,,,,0,0.03267621089803845,,0.002789428262840458
75,missing_edges,341736383,2041.8830697021372,14627.829525901345,2177.0744622263364,14644.816310395932,0.023653094408970166,21.138883198740402,high,0.35,1415.0984004471188,2939.0505240055545,3,"nonlinear_deconvolved_fit,logarithmic_decrement,cadzow_esprit",0.005928117756325165,combined,0.9983280859894866,0.47965999084673183,2177.0744622263364,6631.767497742231,2164.1685084499704,True,,,,,,candidate_only_nonstationary,0.010000000000000033,0.0,0.05755831516604936,,0,0.06620917452629671,73.0,0.0011612648660219316
76,amplitude_jitter,44663667,7298.013554036613,28788.439042039194,7582.229084486884,28614.701357587743,0.0421348993493735,11.866647546825918,high,0.35,4928.448904916475,10236.009264057295,3,"nonlinear_deconvolved_fit,logarithmic_decrement,cadzow_esprit",0.09549538107253891,combined,0.9943087923876199,0.7612523530475872,7582.229084486884,9344.972468838323,8620.90461303596,True,7582.229084486884,0.0421348993493735,11.866647546825918,3791.114542243442,11373.343626730326,accepted_stationary_single_mode,0.0,0.0,0.0,0.038944231652333454,1,0.038944231652333454,135.0,0.0060349810629796675
77,rising_only,2123087302,2516.5228706296725,8883.054186755828,2483.9587099086457,8871.55027188044,0.04451785271039709,11.231449172821975,medium,0.55,1117.7814194588905,3850.136000358401,2,"nonlinear_deconvolved_fit,cadzow_esprit",0.022346225816859352,rising,0.9997634912899702,0.8156370371747871,2483.9587099086457,,2594.972914411392,True,,,,,,unresolved,,,,,0,0.012940140978285164,,0.0012950404932280358
78,two_mode,831759866,6837.0271268273345,12725.077534359974,8638.232119139508,12666.57354653864,0.1079052694106222,4.633694005223251,medium,0.55,3887.2044536127783,13389.259784666237,3,"nonlinear_deconvolved_fit,logarithmic_decrement,cadzow_esprit",0.13200418760801397,combined,0.9027467883856172,0.9222076190355598,10002.939681514812,7497.949305883044,8638.232119139508,True,,,,,,unresolved,,,,,0,0.2634485660067883,,0.004597534880503683
79,frequency_jitter,742139190,7833.50947154335,18497.805399628225,11041.758887782618,18496.05579036241,0.0945862054791456,5.286183090516726,high,0.35,7177.143277058703,14906.374498506535,3,"nonlinear_deconvolved_fit,logarithmic_decrement,cadzow_esprit",0.02792340281547208,combined,0.9862808569887672,0.8852171602399524,11041.758887782618,5206.412695311659,11350.082368997491,True,11041.758887782618,0.0945862054791456,5.286183090516726,5520.879443891309,16562.638331673927,accepted_stationary_single_mode,0.009345794392523234,0.0,0.022073256974038852,0.4095545461320777,1,0.4095545461320777,130.0,9.458469413079465e-05
80,delay_jitter,1698221281,9946.855984180913,9828.959523566442,9926.83810830558,9688.927421497421,0.16093738926921958,3.1067982540936407,high,0.35,6452.444770398627,13401.231446212532,3,"nonlinear_deconvolved_fit,logarithmic_decrement,cadzow_esprit",0.0008131036147385912,combined,0.9986400405401776,0.789502701217081,9934.909656254367,8799.33811954847,9926.83810830558,True,,,,,,candidate_only_nonstationary,0.009708737864077714,1.0,0.02872155582957489,,0,0.002012482728931561,72.0,0.014246889686876039
81,standard,654875962,9305.256421707589,48290.48876290872,9332.589466839136,48194.221194536294,0.03080499678502922,16.231133003818158,medium,0.55,4199.665260077611,14465.51367360066,2,"nonlinear_deconvolved_fit,cadzow_esprit",0.004979025448775993,rising,0.9997690716470718,0.5709501059998392,9332.589466839136,,9239.655065922394,True,,,,,,unresolved,,,,,0,0.0029373768860128913,,0.0019935099196255117
82,weak_noisy,397820625,7259.612352614115,51277.59351136029,6318.114136788532,50919.52143066115,0.01974415801822201,25.323946432081165,medium,0.55,2843.1513615548392,9793.076912022225,2,"nonlinear_deconvolved_fit,cadzow_esprit",0.004360351902836669,falling,0.997514225979947,0.3490868477936421,6318.114136788532,0.0001084363743713673,6373.212538785902,True,,,,,,unresolved,,,,,0,0.1296898746234788,,0.006983012582675288
83,missing_edges,232909656,3292.039233425163,29481.284190475584,2452.992147921011,29378.001018656567,0.013287880186154838,37.62827426160642,medium,0.55,1103.8464665644549,3802.137829277567,2,"nonlinear_deconvolved_fit,cadzow_esprit",0.19462846854365787,combined,0.9915875099546337,0.6012650419477292,2452.992147921011,0.00022208843341981274,3407.8363581199796,True,,,,,,unresolved,,,,,0,0.25487153281316616,,0.0035033471117375758
84,amplitude_jitter,2068132861,4665.9742627979995,22421.146946150337,4676.925533715179,22344.10990578143,0.03329482042080549,15.017350857599359,high,0.35,3040.0015969148662,6313.849470515492,3,"nonlinear_deconvolved_fit,logarithmic_decrement,cadzow_esprit",0.007320901405455372,combined,0.9992808988723259,0.8330192800671494,4676.925533715179,3987.8186347344927,4711.1648444281645,True,4676.925533715179,0.03329482042080549,15.017350857599359,2338.4627668575895,7015.3883005727685,accepted_stationary_single_mode,0.0,0.0,0.02292539332982008,0.00234704914780487,1,0.00234704914780487,113.0,0.0034359098824840425
85,rising_only,1834826909,4465.456299844069,39661.29185760113,7300.506652342794,39262.973641218276,0.029580115187891918,16.90324722618612,medium,0.55,3285.227993554257,11315.78531113133,2,"nonlinear_deconvolved_fit,cadzow_esprit",0.20992370501879848,rising,0.9341418617664559,0.639863135492861,7300.506652342794,4241.284367414967,4235.407842394425,True,,,,,,unresolved,,,,,0,0.6348848050752895,,0.01004299652701593
86,two_mode,120234546,7456.769190378928,39960.49148687196,11897.990174846484,39555.07133125221,0.04781833713166497,10.45623980238542,low,1.0,0.0,23795.980349692967,2,"nonlinear_deconvolved_fit,cadzow_esprit",0.17183560553221638,combined,0.8810556006872725,0.6461286133505235,11897.990174846484,6175.3849387308,7808.99348222427,True,,,,,,unresolved,,,,,0,0.5955958768574768,,0.010145524755443384
87,frequency_jitter,782749785,7115.639519676556,24967.93070317321,6626.94362049302,25065.470851846356,0.0420410354619553,11.893141891152302,high,0.35,4307.5133533204635,8946.373887665577,3,"nonlinear_deconvolved_fit,logarithmic_decrement,cadzow_esprit",0.029420414795664384,combined,0.9971253933900748,0.9051320702263634,6626.94362049302,6821.911050635406,6308.812875484654,True,6626.94362049302,0.0420410354619553,11.893141891152302,3313.47181024651,9940.41543073953,accepted_stationary_single_mode,0.009708737864077716,0.0,0.02436615727326639,0.06867912544363267,1,0.06867912544363267,234.0,0.00390661724564742
88,delay_jitter,804980063,4829.394515092042,18642.95377323094,4862.08640481305,18546.928499268426,0.0416862790556912,11.994354289381885,high,0.35,3160.3561631284824,6563.8166464976175,3,"nonlinear_deconvolved_fit,logarithmic_decrement,cadzow_esprit",0.05074575386840173,combined,0.9922472019152556,0.5177785974331759,4862.08640481305,5752.4465559911105,5108.816644798595,True,,,,,,candidate_only_nonstationary,0.009615384615384751,1.0,0.01773041594912478,,0,0.006769355789601494,111.0,0.005150754281244571
89,standard,1665083082,2976.118571645703,11204.806103004907,3186.3715883263,11135.024831291943,0.04549623121151,10.989921289865126,high,0.35,2071.141532412095,4301.601644240505,3,"nonlinear_deconvolved_fit,logarithmic_decrement,cadzow_esprit",0.04715974227711769,combined,0.9977672202088964,0.7227007817142987,3186.3715883263,3653.897976644699,3336.6400512308983,True,3186.3715883263,0.04549623121151,10.989921289865126,1593.18579416315,4779.55738248945,accepted_stationary_single_mode,0.0,0.0,0.05444033110098438,0.07064672042429186,1,0.07064672042429186,54.0,0.0062277982386727505
90,weak_noisy,1056450894,4107.596982408973,19424.067607832832,4252.6458912779835,19473.484394027368,0.03473549786350767,14.394496430272522,medium,0.55,1913.6906510750923,6591.601131480875,2,"nonlinear_deconvolved_fit,cadzow_esprit",0.10939738435970811,combined,0.9992835922268833,0.6406420409316322,4252.6458912779835,6636.454776848795,3322.1892170502415,True,,,,,,unresolved,,,,,0,0.03531235159880354,,0.0025441008130865296
91,missing_edges,1163332763,5468.4299930367615,49956.45408081079,9332.606921982897,50384.39665119474,0.029467168717529007,16.968036691715387,low,1.0,0.0,18665.213843965794,1,nonlinear_deconvolved_fit,inf,combined,0.999456689093976,0.37531650474998335,9332.606921982897,,,True,,,,,,unresolved,,,,,0,0.7066337017876418,,0.008566311966251523
92,amplitude_jitter,196447740,9016.184389944672,14681.206403510781,8446.163655851622,14612.669314155304,0.09160521212790548,5.458204706756922,high,0.35,5490.006376303554,11402.32093539969,3,"nonlinear_deconvolved_fit,logarithmic_decrement,cadzow_esprit",0.02712123051976361,combined,0.996232252564289,0.8399391563043928,8446.163655851622,8151.5649828411215,8675.234007369623,True,,,,,,candidate_only_nonstationary,0.010526315789473748,0.0,0.03680406629658216,,0,0.06322194727170481,69.0,0.004668355411111699
93,rising_only,1170600948,7078.586830510534,18478.496029294016,7009.204790319196,18453.07006333645,0.06034316832978126,8.285942118044773,high,0.35,4555.983113707478,9462.426466930916,3,"nonlinear_deconvolved_fit,logarithmic_decrement,cadzow_esprit",0.015350325076638437,rising,0.9997853066382802,0.9210533536912068,7009.204790319196,7956.663528991869,7116.798362379327,True,7009.204790319196,0.06034316832978126,8.285942118044773,3504.602395159598,10513.807185478794,accepted_stationary_single_mode,0.0,0.0,0.02182362497747106,0.009801679608178798,1,0.009801679608178798,97.0,0.0013759759407506776
94,two_mode,441021843,7117.4023342505625,43979.870323981195,18667.530623224073,45073.79310417259,0.06577206664351767,7.602011393529455,medium,0.55,8400.388780450832,28934.672465997315,2,"nonlinear_deconvolved_fit,cadzow_esprit",0.16510319740150128,rising,0.9226336256316366,0.6566849767183309,18667.530623224073,,12503.392636254604,True,,,,,,unresolved,,,,,0,1.622801093229149,,0.024873260701610216
95,frequency_jitter,356206927,4784.036012909308,31242.913205938807,7075.471793264503,31470.06865084559,0.035760203487045644,13.98202334562017,medium,0.55,3183.962306969026,10966.98127955998,2,"nonlinear_deconvolved_fit,cadzow_esprit",0.07784026316563593,combined,0.9675471615324029,0.8419237540693841,7075.471793264503,0.00030045386346751727,5973.958620447017,True,,,,,,unresolved,,,,,0,0.4789754454548321,,0.00727062305008118
96,delay_jitter,1461111570,2289.621932566002,21133.936834306216,1053.3750595400234,20622.276579872632,0.008129282299422808,61.50604464006629,low,1.0,0.0,2106.7501190800467,1,nonlinear_deconvolved_fit,inf,combined,0.9717595628373868,0.623883716594735,1053.3750595400234,0.0003892868591152892,,True,,,,,,unresolved,,,,,0,0.5399349366122226,,0.024210361677764546
97,standard,1912868206,3155.4362864052846,13343.94893457658,3795.3048309368005,13316.087663124334,0.04531518802602839,11.03382821037413,medium,0.55,1707.8871739215601,5882.722487952041,2,"nonlinear_deconvolved_fit,cadzow_esprit",0.2781689072113942,combined,0.9910628445252418,0.8650411087081494,3795.3048309368005,0.00044357318300557234,5906.776425648431,True,,,,,,unresolved,,,,,0,0.20278290748201502,,0.002087933009099909
98,weak_noisy,2094486066,9272.988795691315,38886.83580174828,6782.998753278077,38467.225061239296,0.028053047951809074,17.823375230346628,low,1.0,0.0,13565.997506556154,3,"nonlinear_deconvolved_fit,logarithmic_decrement,cadzow_esprit",0.166457730248688,combined,0.8923147664905463,0.5323686112735116,8371.098607972082,5653.916176527728,6782.998753278077,True,,,,,,unresolved,,,,,0,0.26852076469349445,,0.01079056014349517
99,missing_edges,1129737733,5310.273888652886,9605.062202961648,4469.488925943709,9752.369682214678,0.07274708850379853,6.873127300124076,high,0.35,2905.1678018634107,6033.810050024007,3,"nonlinear_deconvolved_fit,logarithmic_decrement,cadzow_esprit",0.032904079145213004,combined,0.996173124128009,0.6100916470397535,4469.488925943709,4322.424508585804,5757.537034309975,True,,,,,,candidate_only_nonstationary,0.010000000000000026,0.0,0.0407739046060146,,0,0.15833175093017063,111.0,0.01533644198656085
100,amplitude_jitter,489491195,8923.9305937797,25135.06373543452,8772.745293158267,24886.682649345163,0.05601524327423361,8.926141720962487,high,0.35,5702.284440552873,11843.206145763661,3,"nonlinear_deconvolved_fit,logarithmic_decrement,cadzow_esprit",0.03866223027942011,combined,0.9887012760346007,0.7061954661268894,8772.745293158267,9504.986526718565,9111.91919186505,True,8772.745293158267,0.05601524327423361,8.926141720962487,4386.372646579133,13159.1179397374,accepted_stationary_single_mode,0.0,0.0,0.017025773231436968,0.01694155944319142,1,0.01694155944319142,191.0,0.00988185622697262
101,rising_only,1446063744,9637.388777227392,34378.4936041817,9613.303112771124,34054.98907848793,0.04488220211994171,11.140273346299198,high,0.35,6248.647023301231,12977.959202241018,3,"nonlinear_deconvolved_fit,logarithmic_decrement,cadzow_esprit",0.10631954489931505,rising,0.9801013466695047,0.6956096193346046,11137.67607158715,8591.221100842129,9613.303112771124,True,9613.303112771124,0.04488220211994171,11.140273346299198,4806.651556385562,14419.954669156687,accepted_stationary_single_mode,0.009900990099009962,0.0,0.007765564483287387,0.0024991898752887583,1,0.0024991898752887583,231.0,0.009410084380614523
102,two_mode,1462523728,7828.4212424879215,44192.184028048134,12804.093632574302,44639.198055669476,0.045603745923517465,10.964011615154496,medium,0.55,5761.8421346584355,19846.34513049017,2,"nonlinear_deconvolved_fit,cadzow_esprit",0.16250903785625767,combined,0.9439567206354604,0.6513607475227381,12804.093632574302,0.00048250530256523056,8642.531758872132,True,,,,,,unresolved,,,,,0,0.6355907833729552,,0.010115228234423288
103,frequency_jitter,2002303459,9009.543877969194,17477.386638556487,7720.596335105987,17304.08018619059,0.07083212123846126,7.058944321555968,high,0.35,5018.387617818892,10422.805052393083,3,"nonlinear_deconvolved_fit,logarithmic_decrement,cadzow_esprit",0.15008276622170244,combined,0.9758951162168871,0.8508410648951572,7720.596335105987,10538.069048730016,8879.324789959832,True,7720.596335105987,0.07083212123846126,7.058944321555968,3860.2981675529936,11580.89450265898,accepted_stationary_single_mode,0.009803921568627428,0.0,0.0743403081937085,0.14306468344252554,1,0.14306468344252554,97.0,0.009916039276923133
104,delay_jitter,759285031,5997.969374106095,35474.35224151576,3578.416522353929,34277.61890050356,0.016612708285792487,30.097440549630896,medium,0.55,1610.2874350592679,5546.54560964859,2,"nonlinear_deconvolved_fit,cadzow_esprit",0.016226650751641866,combined,0.9032645300175361,0.2283013909581657,3578.416522353929,0.0005236449624466933,3462.285092049645,True,,,,,,unresolved,,,,,0,0.4033953327934028,,0.03373517105723646
105,standard,1403238505,8988.043352922105,48320.92651992342,12142.499179620638,48560.6832470598,0.03976489048821825,12.573906123245647,high,0.35,7892.624466753415,16392.373892487863,3,"nonlinear_deconvolved_fit,logarithmic_decrement,cadzow_esprit",0.16034861912087722,combined,0.979776274562116,0.7662113911460393,12142.499179620638,18943.291432783575,10195.466203492084,True,12142.499179620638,0.03976489048821825,12.573906123245647,6071.249589810319,18213.748769430957,accepted_stationary_single_mode,0.0,0.0,0.04667570733896638,0.35096134974393367,1,0.35096134974393367,220.0,0.00496175765664438
106,weak_noisy,1470806641,8121.664977210035,12053.358307010301,8235.130541892173,11980.185115970853,0.10875356648510243,4.597550371541078,medium,0.55,3705.8087438514776,12764.452339932868,2,"nonlinear_deconvolved_fit,cadzow_esprit",0.02775526234851443,rising,0.9935338980000987,0.33584495187643626,8235.130541892173,605.00244479119,8692.266959221135,True,,,,,,unresolved,,,,,0,0.013970727061572949,,0.006070772076599626
107,missing_edges,1379514027,2229.1586728323887,50285.79613187195,6620.992429111395,49720.79924013039,0.02118886079508369,23.59730449104709,medium,0.55,2979.4465931001273,10262.538265122663,2,"nonlinear_deconvolved_fit,cadzow_esprit",0.22901270301010085,combined,0.9402737410031299,0.42155589914274627,6620.992429111395,0.0002580834547492286,3588.4096835109667,True,,,,,,unresolved,,,,,0,1.9701754791186321,,0.011235715355085264
108,amplitude_jitter,417972731,1851.895257389311,12672.604271235567,1591.1443101986406,12635.56722860969,0.020037694680780545,24.952970287524266,high,0.35,1034.2438016291164,2148.044818768165,3,"nonlinear_deconvolved_fit,logarithmic_decrement,cadzow_esprit",0.07204943342996094,combined,0.9974758882963548,0.6780632158800709,1591.1443101986406,5892.76650580477,1705.7853562537587,True,1591.1443101986406,0.020037694680780545,24.952970287524266,795.5721550993203,2386.716465297961,accepted_stationary_single_mode,0.009900990099009813,0.0,0.0843225688529755,0.1408022112213091,1,0.1408022112213091,50.0,0.0029226070532276556
109,rising_only,590156218,3922.931041879509,23257.65896044648,3834.0772054019358,23216.7316819415,0.026274226965313667,19.030055600116526,medium,0.55,1725.3347424308708,5942.819668373,2,"nonlinear_deconvolved_fit,cadzow_esprit",0.014899050568045007,rising,0.9996226411357824,0.8899022336401488,3834.0772054019358,,3948.32542573208,True,,,,,,unresolved,,,,,0,0.022649859385497267,,0.00175973336674097
110,two_mode,979186226,6267.034449878375,16195.90403949932,3383.1296297870394,16171.33208599847,0.03327762876138489,15.025109017989774,low,1.0,0.0,6766.259259574079,1,nonlinear_deconvolved_fit,inf,combined,0.9518313915895859,0.9290732639859068,3383.1296297870394,8237.767189142005,,True,,,,,,unresolved,,,,,0,0.460170570810777,,0.0015171708501682275
111,frequency_jitter,1074760799,5885.941340947805,19636.936059999887,8716.807919504687,19927.984388174198,0.06944874000086584,7.199554664256922,medium,0.55,3922.563563777109,13511.052275232265,2,"nonlinear_deconvolved_fit,cadzow_esprit",0.022743015230460514,combined,0.9911818797521392,0.604836690357703,8716.807919504687,,9113.300910053274,True,,,,,,unresolved,,,,,0,0.480953923013618,,0.014821473537675335
112,delay_jitter,1003941764,6723.4649024289965,8009.249909643269,6431.488478809793,7961.5643151446275,0.12751849308950086,3.9209999105703606,high,0.35,4180.467511226366,8682.509446393222,3,"nonlinear_deconvolved_fit,logarithmic_decrement,cadzow_esprit",0.037873138929611264,combined,0.9974741378682066,0.884630399060695,6431.488478809793,7010.827548245505,6675.069135491951,True,,,,,,candidate_only_nonstationary,0.0,1.0,0.013107502786598845,,0,0.04342648141343318,66.0,0.005953815280657884
113,standard,1890157182,4315.580732527322,18781.207622276397,5392.284169538863,18534.03849982482,0.04625490084221915,10.80966537374187,low,1.0,0.0,10784.568339077727,1,nonlinear_deconvolved_fit,inf,combined,0.9926007783742339,0.91232850399608,5392.284169538863,,,True,,,,,,unresolved,,,,,0,0.24949213182277666,,0.013160448860509407
114,weak_noisy,867646450,5087.168222474635,15945.275828488171,5651.694332063267,15862.487036766142,0.05661485372116924,8.831604554919863,high,0.35,3673.601315841124,7629.787348285411,3,"nonlinear_deconvolved_fit,logarithmic_decrement,cadzow_esprit",0.06836450335883483,combined,0.9950309696400231,0.645869795108118,5651.694332063267,6981.444231514967,6038.069608210714,True,,,,,,candidate_only_nonstationary,0.009900990099009991,0.0,0.14337922107557946,,0,0.11097059992917256,75.0,0.005192057673540928
115,missing_edges,1911294237,7426.863792941019,24593.669326002484,6938.509635048562,24393.521606764847,0.045223821879831115,11.056119965459832,medium,0.55,3122.3293357718526,10754.689934325272,2,"nonlinear_deconvolved_fit,cadzow_esprit",0.00921065540267495,combined,0.9964894654989352,0.7386485188297187,6938.509635048562,0.0002782063564689856,7066.326077561706,True,,,,,,unresolved,,,,,0,0.06575509818244155,,0.008138180463621345
116,amplitude_jitter,1506889670,6169.839629469675,37852.38088904794,7977.11093388341,37593.492298889476,0.03375247076579494,14.813730333090298,medium,0.55,3589.6999202475345,12364.521947519286,2,"nonlinear_deconvolved_fit,cadzow_esprit",0.11702790047917072,combined,0.9747491995175362,0.7783564981709007,7977.11093388341,0.000373099324329659,6110.0218449197855,True,,,,,,unresolved,,,,,0,0.2929203047323093,,0.006839426849193816
117,rising_only,1217628123,6676.752564550148,13684.055827404842,6057.788854580576,13580.28534471399,0.07081636719601483,7.06051467757495,high,0.35,3937.5627554773746,8178.014953683779,3,"nonlinear_deconvolved_fit,logarithmic_decrement,cadzow_esprit",0.08895944817373246,rising,0.995773622318759,0.8632158939760439,6057.788854580576,7431.547410060349,6596.686408237051,True,6057.788854580576,0.07081636719601483,7.06051467757495,3028.894427290288,9086.683281870864,accepted_stationary_single_mode,0.0,0.0,0.0068285069657053445,0.09270430557153275,1,0.09270430557153275,123.0,0.00758331331000803
118,two_mode,727422810,6399.685300840647,10415.65765984941,5754.250350327735,10101.31649440678,0.09029283569586212,5.537537902610292,high,0.35,3740.2627277130277,7768.237972942443,3,"nonlinear_deconvolved_fit,logarithmic_decrement,cadzow_esprit",0.0037795657072717615,combined,0.9739099694834916,0.7343025190345471,5775.99891762289,4624.533422289584,5754.250350327735,True,5754.250350327735,0.09029283569586212,5.537537902610292,2877.1251751638674,8631.375525491603,accepted_stationary_single_mode,0.009615384615384654,0.0,0.06377610606119395,0.10085417019304517,1,0.10085417019304517,55.0,0.030179675226304974
119,frequency_jitter,1191176999,5023.738411884571,17364.448848681786,6675.569894195129,17583.562541734347,0.06031290728057069,8.290099458711898,medium,0.55,3004.0064523878077,10347.13333600245,2,"nonlinear_deconvolved_fit,cadzow_esprit",0.5044930192322462,combined,0.9452658061625432,0.9050325558800202,6675.569894195129,4107.306418766955,13411.126716231902,True,,,,,,unresolved,,,,,0,0.32880523364887954,,0.012618522762338913
120,delay_jitter,1661162620,5083.11704915968,48713.69473431446,6393.2028177209795,47686.54903319568,0.021332604281870806,23.4383009872319,low,1.0,0.0,12786.405635441959,2,"nonlinear_deconvolved_fit,cadzow_esprit",0.05717801066690526,combined,0.8769039050920957,0.11372206517346639,6393.2028177209795,0.00028828294047477906,5662.101579906302,True,,,,,,unresolved,,,,,0,0.2577327564742734,,0.021085358167161183
121,standard,516787694,8899.618548391372,49289.77256907823,5593.8559866437745,45229.78952911968,0.019679892831091974,25.406642418807145,unresolved,1.0,0.0,11187.711973287549,2,"nonlinear_deconvolved_fit,cadzow_esprit",0.06542891270039117,rising,0.7994070007588319,0.5850603184466511,5593.8559866437745,,4861.8561566264225,True,,,,,,unresolved,,,,,0,0.37144991594556853,,0.08236968499435868
122,weak_noisy,1397608264,9492.542927853778,37770.463151861215,10812.062050735749,37666.19295086112,0.04563774606218796,10.95584342221192,low,1.0,0.0,21624.124101471498,3,"nonlinear_deconvolved_fit,logarithmic_decrement,cadzow_esprit",0.0184515006582326,combined,0.9786469059483484,0.1400745973150861,10812.062050735749,11011.560820781751,9979.491677148664,True,,,,,,unresolved,,,,,0,0.13900586311915777,,0.002760628075458371
123,missing_edges,1311892371,4176.821118457249,16148.499537237434,4365.284602542735,16541.936061411812,0.04196272203848109,11.915337607066691,high,0.35,2837.434991652778,5893.134213432693,3,"nonlinear_deconvolved_fit,logarithmic_decrement,cadzow_esprit",0.09552290684686307,combined,0.9886288087806656,0.6919063979469187,5600.025795646902,3948.299928094,4365.284602542735,True,4365.284602542735,0.04196272203848109,11.915337607066691,2182.6423012713676,6547.926903814103,accepted_stationary_single_mode,0.0,0.0,0.020420449812530286,0.04512127255167128,1,0.04512127255167128,185.0,0.024363658262313348
124,amplitude_jitter,396725920,3131.5857050013865,42003.88487736086,5790.341825939828,41762.396675536,0.022061407036564507,22.66401228041809,medium,0.55,2605.6538216729223,8975.029830206733,2,"nonlinear_deconvolved_fit,cadzow_esprit",0.41280252077868174,combined,0.9229441669424425,0.5801159349249307,5790.341825939828,0.00016472337109482777,1009.8064221034372,True,,,,,,unresolved,,,,,0,0.8490127275431741,,0.005749187308029632
125,rising_only,1571918357,7531.8004627830705,24965.872551476685,7424.418175974919,24905.27489200566,0.047391773409371306,10.550354292104405,high,0.35,4825.871814383698,10022.964537566142,3,"nonlinear_deconvolved_fit,logarithmic_decrement,cadzow_esprit",0.00024035126070005524,rising,0.9993898620310931,0.712166161814788,7426.202644243479,7424.418175974919,6363.299763343355,True,,,,,,candidate_only_nonstationary,0.010101010101010144,0.0,0.013456266595201516,,0,0.014257186888946444,243.0,0.0024272197715533954
126,two_mode,104569891,6827.959711869053,23712.346807513655,6837.658514751063,23540.260349854045,0.04617986925774684,10.827228574626663,high,0.35,4444.478034588191,9230.838994913936,3,"nonlinear_deconvolved_fit,logarithmic_decrement,cadzow_esprit",0.08179723209247435,combined,0.957132107252501,0.8132075569025856,6837.658514751063,11864.423886264583,6278.356974250887,True,,,,,,candidate_only_nonstationary,0.009900990099009882,0.0,0.20961337895340157,,0,0.0014204540289174707,111.0,0.0072572512141683915
127,frequency_jitter,445755940,2960.805800537918,8310.116336938912,5701.709488810093,7937.803510668945,0.11358090169381926,4.402148535040276,medium,0.55,2565.7692699645413,8837.649707655644,2,"nonlinear_deconvolved_fit,cadzow_esprit",0.41414495821500824,combined,0.9966075907436193,0.8920551984484925,5701.709488810093,,10424.377964804837,True,,,,,,unresolved,,,,,0,0.9257289646535442,,0.04480236030090421
128,delay_jitter,1649665977,1840.2309877890511,26073.57818882991,1924.204370055815,25662.69770206145,0.011932682866330866,41.90172533712387,medium,0.55,865.8919665251167,2982.5167735865134,2,"nonlinear_deconvolved_fit,cadzow_esprit",0.48033337292503503,combined,0.9791558721602825,0.2889510601112102,1924.204370055815,4337.920316783699,3772.7235205878187,True,,,,,,unresolved,,,,,0,0.04563197925911125,,0.01575850018715434
129,standard,1884081994,6645.276925448508,31911.92666909004,6416.180055278259,31928.451696190736,0.031966626522342535,15.641312656202036,high,0.35,4170.517035930869,8661.84307462565,3,"nonlinear_deconvolved_fit,logarithmic_decrement,cadzow_esprit",0.15705082582240923,combined,0.9878568698234448,0.681087242725338,6416.180055278259,8864.180318817223,7423.846431584981,True,,,,,,candidate_only_nonstationary,0.009433962264151033,0.0,0.18052959889689288,,0,0.034475142682603425,135.0,0.0005178323224433037
130,weak_noisy,674279722,8110.787329405139,14077.349762214657,8898.97971621458,14107.179837956672,0.09989468017041607,5.005271543459784,high,0.35,5784.336815539477,12013.622616889685,3,"nonlinear_deconvolved_fit,logarithmic_decrement,cadzow_esprit",0.057378002491972196,combined,0.9980624898671292,0.7626360540209987,8898.97971621458,8388.37403588161,11279.45019924281,True,,,,,,candidate_only_nonstationary,0.019230769230769346,0.0,0.03440179730598599,,0,0.09717828304434774,138.0,0.002119012189501915
131,missing_edges,779399609,8256.882789325868,20083.34714707704,8926.64706995329,19909.93128390309,0.07117637318413479,7.024803001783884,medium,0.55,4016.99118147898,13836.3029584276,2,"nonlinear_deconvolved_fit,cadzow_esprit",0.008091902135974074,combined,0.9652453234617009,0.6843778487124619,8926.64706995329,0.00018179417984129118,9071.114178938173,True,,,,,,unresolved,,,,,0,0.08111587601718935,,0.008634808824642935
132,amplitude_jitter,699513232,7711.762506799257,32224.004584942817,7656.32207881199,32044.195028605332,0.03799943873977887,13.158089081894415,high,0.35,4976.609351227794,10336.034806396186,3,"nonlinear_deconvolved_fit,logarithmic_decrement,cadzow_esprit",0.038001207447418806,combined,0.9888749442863539,0.6924127783598208,7656.32207881199,9847.293945298024,7947.271562413177,True,,,,,,candidate_only_nonstationary,0.0,0.0,0.13278964052688821,,0,0.007189073566306872,128.0,0.005579987920604487
133,rising_only,380112048,3634.1601081066106,23450.79671302201,2542.8171580417566,23256.22144780651,0.017399243376815487,28.736881781092308,medium,0.55,1144.2677211187904,3941.366594964723,2,"nonlinear_deconvolved_fit,cadzow_esprit",0.18970918588303243,rising,0.9727153990745773,0.8020881216504308,2542.8171580417566,3772.4974436842504,3507.608703844772,True,,,,,,unresolved,,,,,0,0.30030128491874325,,0.008297170778315304
134,two_mode,821385499,9614.948987494485,12339.27012022857,14629.482100084822,12815.736248196716,0.1787531940102438,2.7971528160293824,medium,0.55,6583.266945038169,22675.697255131476,3,"nonlinear_deconvolved_fit,logarithmic_decrement,cadzow_esprit",0.029120842617549127,combined,0.9490383915641418,0.6114341288159062,15055.504945897645,9646.18079699387,14629.482100084822,True,,,,,,unresolved,,,,,0,0.5215350720125923,,0.03861380157218893
135,frequency_jitter,1266973932,7480.398717386137,40634.49434571703,6368.615118280639,40250.353674894206,0.025174321507396215,19.861508476131124,medium,0.55,2865.8768032262874,9871.35343333499,2,"nonlinear_deconvolved_fit,cadzow_esprit",0.10705209380883292,falling,0.9966188587504767,0.6753726584915807,6368.615118280639,,7732.1622844297,True,,,,,,unresolved,,,,,0,0.14862624856098403,,0.009453560995605535
136,delay_jitter,99077416,3583.629627999002,22671.313351022378,2942.586838195488,22575.804218694735,0.020740191517708898,24.107781240741087,medium,0.55,1324.1640771879695,4561.0095992030065,2,"nonlinear_deconvolved_fit,cadzow_esprit",0.11337736953317358,combined,0.9965332548522048,0.4936665611417551,2942.586838195488,0.0002592579813454313,2275.3413275204025,True,,,,,,unresolved,,,,,0,0.1788808711690037,,0.004212774568851161
137,standard,176468804,6299.434987459765,15324.274971744953,6360.980687336318,15325.639812735331,0.06591436890321221,7.585599442424965,high,0.35,4134.637446768606,8587.32392790403,3,"nonlinear_deconvolved_fit,logarithmic_decrement,cadzow_esprit",0.043702557335188824,combined,0.9999293057790977,0.9369224474034159,6360.980687336318,8676.315914673582,6638.971810532662,True,6360.980687336318,0.06591436890321221,7.585599442424965,3180.490343668159,9541.471031004476,accepted_stationary_single_mode,0.0,0.0,0.08999142103276662,0.009770034931556811,1,0.009770034931556811,76.0,8.906398461882062e-05
138,weak_noisy,1866732646,3873.11423271114,16876.44033253841,2419.964605451576,16823.64395388476,0.02288733882304999,21.84613964365515,medium,0.55,1088.9840724532091,3750.945138449943,2,"nonlinear_deconvolved_fit,cadzow_esprit",0.4792523651403985,combined,0.9981380828144519,0.7371748162475675,2419.964605451576,0.0005617133955750821,4739.512126889014,True,,,,,,unresolved,,,,,0,0.37518894097847827,,0.003128407271517792
139,missing_edges,1794310199,9447.264537169001,12525.741287650704,9436.778259653825,12500.23457739075,0.11929256040931695,4.1913762122667055,high,0.35,6133.905868774987,12739.650650532665,3,"nonlinear_deconvolved_fit,logarithmic_decrement,cadzow_esprit",0.003339864605094781,combined,0.9985501811274579,0.5862858629151232,9436.778259653825,9293.737853390612,9468.295821349371,True,9436.778259653825,0.11929256040931695,4.1913762122667055,4718.389129826913,14155.167389480739,accepted_stationary_single_mode,0.0,0.0,0.036990694774308545,0.0011099802989446427,1,0.0011099802989446427,50.0,0.0020363433727553096
140,amplitude_jitter,864044200,6135.468360920246,35774.56157315119,9330.332818170458,35841.56188487648,0.04139595557171835,12.078474650349639,medium,0.55,4198.649768176706,14462.015868164211,2,"nonlinear_deconvolved_fit,cadzow_esprit",0.17440168080977758,combined,0.9654765090834275,0.8109499726099249,9330.332818170458,0.000322709475225774,6075.881366163345,True,,,,,,unresolved,,,,,0,0.520720549648637,,0.0018728478779057676
141,rising_only,1040305245,8376.553149728054,21058.877675920176,7765.134199476332,20876.930864487138,0.059093922623561154,8.461106959933753,medium,0.55,3494.3103897643487,12035.958009188314,2,"nonlinear_deconvolved_fit,cadzow_esprit",0.03107011820848776,rising,0.994984334434942,0.8761500519872883,7765.134199476332,5270.635315062494,8247.661474441333,True,,,,,,unresolved,,,,,0,0.0729917114262651,,0.008639910171522817
142,two_mode,604767547,3363.640456683607,36606.040659194696,6677.223113837746,36856.14670581106,0.028822100596405657,17.347798725758174,low,1.0,0.0,13354.446227675491,2,"nonlinear_deconvolved_fit,cadzow_esprit",0.24548464704477443,combined,0.873576227934457,0.6588735000212362,6677.223113837746,0.00020121221551713412,3398.911595158408,True,,,,,,unresolved,,,,,0,0.9851179696004657,,0.006832370890500559
143,frequency_jitter,1935308360,8580.708772833272,28827.96218460954,7636.867809810135,28156.459655405695,0.04312738191971176,11.593562552227882,high,0.35,4963.964076376588,10309.771543243683,3,"nonlinear_deconvolved_fit,logarithmic_decrement,cadzow_esprit",0.09646460371271538,combined,0.9540487250612681,0.6837511352340256,7636.867809810135,8921.390458539407,9658.077885419134,True,,,,,,candidate_only_nonstationary,0.009900990099009905,0.0,0.10498836007999855,,0,0.10999568777014776,121.0,0.023293444222788017
144,delay_jitter,1692969230,6167.125807651691,29194.762156065262,6733.566066574059,27975.394612420187,0.03827988337654962,13.061690786296952,high,0.35,4376.817943273139,9090.31418987498,3,"nonlinear_deconvolved_fit,logarithmic_decrement,cadzow_esprit",0.2119212585008313,combined,0.9762909322279545,0.48297090281308375,6733.566066574059,5306.580271547192,11711.669018542674,True,,,,,,candidate_only_nonstationary,0.009708737864077777,1.0,0.012160856747043673,,0,0.09184833852741793,247.0,0.041766654481607074
145,standard,662552868,4982.555590045984,9183.129942006999,4499.732809010008,9486.304384346442,0.0752793280621596,6.641929635545369,medium,0.55,2024.8797640545035,6974.585853965513,2,"nonlinear_deconvolved_fit,cadzow_esprit",0.008173919410645918,combined,0.9948621030708791,0.7971171777892665,4499.732809010008,3122.7551463584496,4573.293715710583,True,,,,,,unresolved,,,,,0,0.09690263807603998,,0.03301428208617762
146,weak_noisy,1258193257,9670.289048014727,16871.76861877855,8658.94651744417,16686.268277125433,0.08230947303387859,6.074634930467845,high,0.35,5628.315236338711,11689.57779854963,3,"nonlinear_deconvolved_fit,logarithmic_decrement,cadzow_esprit",0.040117979861548504,combined,0.9914569405810711,0.3775895263599328,8658.94651744417,5706.893830316521,9006.325959453221,True,,,,,,candidate_only_nonstationary,0.029126213592232986,0.0,0.07533067384021448,,0,0.10458245100524494,87.0,0.010994718209130323
147,missing_edges,1146880205,4246.625266513527,15256.343427182772,4737.4684748583195,15295.112239806798,0.049236451188775475,10.15507795399328,high,0.35,3079.354508657908,6395.582441058732,3,"nonlinear_deconvolved_fit,logarithmic_decrement,cadzow_esprit",0.041940717118006864,combined,0.9984449330306133,0.46750926295975903,4737.4684748583195,4538.775649698811,5141.343926066812,True,4737.4684748583195,0.049236451188775475,10.15507795399328,2368.7342374291597,7106.202712287479,accepted_stationary_single_mode,0.0,0.0,0.0069524723736234025,0.11558429989462525,1,0.11558429989462525,111.0,0.0025411601940574188
148,amplitude_jitter,255660966,2873.6115818664407,25955.375655634507,2183.9741555585733,25850.85603667617,0.013444772002530627,37.18917657405332,medium,0.55,982.7883700013579,3385.1599411157886,2,"nonlinear_deconvolved_fit,cadzow_esprit",0.39565168115372557,combined,0.9842895163591989,0.6399327425526735,2183.9741555585733,5838.484291382886,3912.1602480446486,True,,,,,,unresolved,,,,,0,0.23998978520957265,,0.004026896791826901
149,rising_only,756537482,9875.11588750588,21675.49719440016,9833.214318048946,21668.60131682682,0.07203689385835027,6.940887831493331,high,0.35,6391.589306731815,13274.839329366077,3,"nonlinear_deconvolved_fit,logarithmic_decrement,cadzow_esprit",0.004166039552165776,rising,0.9999051741414553,0.8927726202822103,9833.214318048946,10753.091541715285,9874.17987782286,True,9833.214318048946,0.07203689385835027,6.940887831493331,4916.607159024473,14749.82147707342,accepted_stationary_single_mode,0.005000000000000036,0.0,0.08773968448803865,0.0042431471118176585,1,0.0042431471118176585,90.0,0.00031814160992451804
150,two_mode,395184625,2544.012340005459,41664.33007955027,12848.334143800628,40945.93621480109,0.04987871288703096,10.024316407932124,medium,0.55,5781.750364710282,19914.917922890974,2,"nonlinear_deconvolved_fit,cadzow_esprit",0.04520613763451253,falling,0.9402419185891806,0.7113164384961219,12848.334143800628,,14009.981267158344,True,,,,,,unresolved,,,,,0,4.050421313511812,,0.01724241967595644
151,frequency_jitter,2039200330,7238.450827208945,11040.979972445872,6428.111276666894,10883.35698444296,0.09359017199350328,5.342441298587509,high,0.35,4178.272329833481,8677.950223500307,3,"nonlinear_deconvolved_fit,logarithmic_decrement,cadzow_esprit",0.03923529353719497,combined,0.9936978445537263,0.8672739454371508,6680.320109496673,6428.111276666894,6009.922451847746,True,,,,,,candidate_only_nonstationary,0.014354066985645878,0.5,0.025092204811587835,,0,0.11194930654167445,90.0,0.014276177331747634
152,delay_jitter,1020073372,4333.65447480298,20195.126074093478,5490.462717162571,19998.752923274948,0.04365278741407982,11.454022288591117,medium,0.55,2470.7082227231567,8510.217211601985,2,"nonlinear_deconvolved_fit,cadzow_esprit",0.21143685717908567,combined,0.9872541356417518,0.6230494877501511,5490.462717162571,3397.852693186155,7812.235079914165,True,,,,,,unresolved,,,,,0,0.2669359657272128,,0.009723789299361676
153,standard,1775654596,8517.863330060933,27792.538472295513,6553.97716649624,27530.150906438732,0.03786212204047534,13.20581026772589,high,0.35,4260.085158222556,8847.869174769925,3,"nonlinear_deconvolved_fit,logarithmic_decrement,cadzow_esprit",0.058131501288591896,combined,0.9973698687615854,0.7098308266987641,6553.97716649624,6934.969698595818,5561.872773850157,True,,,,,,candidate_only_nonstationary,0.010101010101010176,0.0,0.02541161649674644,,0,0.23056089155995463,206.0,0.009440935599255806
154,weak_noisy,1946542664,4094.261380119839,18051.94856584599,3654.269334505937,18099.426779407368,0.032116762811034386,15.568194183886257,medium,0.55,1644.4212005276715,5664.117468484203,2,"nonlinear_deconvolved_fit,cadzow_esprit",0.18235735074019543,combined,0.9983567728777112,0.5375291001023299,3654.269334505937,4557.316324985338,2321.5035850426575,True,,,,,,unresolved,,,,,0,0.10746554867022767,,0.0026300880144987065
155,missing_edges,374838092,8938.557301248105,25875.82263044222,8428.710263630608,25700.026907703887,0.052126294585334944,9.592087908367622,medium,0.55,3792.919618633773,13064.500908627442,2,"nonlinear_deconvolved_fit,cadzow_esprit",0.0734031275906345,combined,0.9784256755078482,0.6049664152145935,8428.710263630608,0.00026014880073914885,9666.097653442144,True,,,,,,unresolved,,,,,0,0.057039074700153965,,0.0067938216013088215
156,amplitude_jitter,66375358,6637.427745808698,8482.586384833256,6393.55287087604,8446.813859361853,0.11960264690411171,4.180509486557282,high,0.35,4155.809366069427,8631.296375682656,3,"nonlinear_deconvolved_fit,logarithmic_decrement,cadzow_esprit",0.014897229261531798,combined,0.9967481432039367,0.7777459320958727,6393.55287087604,6503.430616207363,6598.676839120528,True,6393.55287087604,0.11960264690411171,4.180509486557282,3196.77643543802,9590.32930631406,accepted_stationary_single_mode,0.0,0.0,0.01050152881046725,0.036742377359460704,1,0.036742377359460704,49.0,0.004217171962476339
157,rising_only,1729766919,7197.482368089617,21717.77720343809,6048.7483215747725,21514.678529588316,0.04470091915378799,11.185452323246682,high,0.35,3931.686409023602,8165.810234125944,3,"nonlinear_deconvolved_fit,logarithmic_decrement,cadzow_esprit",0.07470094976049842,rising,0.9696137664709699,0.8757528036031739,6048.7483215747725,7706.339583061138,6500.595566058629,True,6048.7483215747725,0.04470091915378799,11.185452323246682,3024.3741607873862,9073.12248236216,accepted_stationary_single_mode,0.0,0.0,0.05499930899580862,0.15960220362717553,1,0.15960220362717553,84.0,0.009351724715990823
158,two_mode,204403615,7235.311383075836,16998.129863310995,2179.8566444299354,16126.171086260812,0.021508806895694677,23.246291736436707,low,1.0,0.0,4359.713288859871,2,"nonlinear_deconvolved_fit,cadzow_esprit",0.32252732191177513,combined,0.8631871104289816,0.9450409807431841,2179.8566444299354,0.0002660609325845624,3585.9832957890867,True,,,,,,unresolved,,,,,0,0.6987197193020811,,0.0512973358870631
159,frequency_jitter,794232526,6014.219981183943,27179.184316239145,6445.925894999004,26987.46709212955,0.037986541025939215,13.162556697609652,medium,0.55,2900.6666527495518,9991.185137248458,2,"nonlinear_deconvolved_fit,cadzow_esprit",0.07544215712384449,combined,0.9935561405158062,0.8165374148858296,6445.925894999004,0.00032938373699780316,7418.51500335735,True,,,,,,unresolved,,,,,0,0.07178086521040043,,0.007053825526141563
160,delay_jitter,143914759,5391.134943535728,28726.57528365344,1600.2272008978166,27997.30993130757,0.009096357212422171,54.967058606404535,low,1.0,0.0,3200.454401795633,3,"nonlinear_deconvolved_fit,logarithmic_decrement,cadzow_esprit",1.278507053218017,combined,0.9262512470390696,0.4102844313752019,1600.2272008978166,3897.2701865954596,5943.1719496946425,True,,,,,,unresolved,,,,,0,0.7031743375638225,,0.02538643556166798
161,standard,407670616,5914.618562187098,28101.510473548922,1595.8027575128424,30388.709505928466,0.008357414027949407,59.82711857135084,low,1.0,0.0,3191.605515025685,2,"nonlinear_deconvolved_fit,cadzow_esprit",0.23911459192447693,rising,0.8756337044344046,0.7377490453275933,1595.8027575128424,,832.6433072035658,True,,,,,,unresolved,,,,,0,0.7301934620577207,,0.08139060832806168
162,weak_noisy,2105932851,6490.531868693908,19915.094443780563,4556.178014054446,19636.370914524756,0.03690316937481506,13.54897176775364,high,0.35,2961.51570913539,6150.840318973503,3,"nonlinear_deconvolved_fit,logarithmic_decrement,cadzow_esprit",0.05883784683961919,combined,0.9818854745234351,0.800149259545681,4556.178014054446,4288.10230988947,6359.955357334828,True,4556.178014054446,0.03690316937481506,13.54897176775364,2278.089007027223,6834.267021081669,accepted_stationary_single_mode,0.009999999999999993,0.0,0.0178120614062913,0.29802701747287047,1,0.29802701747287047,156.0,0.013995591637420117
163,missing_edges,1993246663,5770.823798700046,8501.097715119742,4519.905149945334,8438.931700496261,0.0849356061500731,5.886812641526897,low,1.0,0.0,9039.810299890669,1,nonlinear_deconvolved_fit,inf,combined,0.9980863867339776,0.7808499637697544,4519.905149945334,1049.9816031495384,,True,,,,,,unresolved,,,,,0,0.21676604457001394,,0.007312704394976498
164,amplitude_jitter,1943761138,3868.2361788175135,25443.11854385777,3952.936469274168,25412.57937734349,0.024749029389800916,20.20281248710506,medium,0.55,1778.8214111733753,6127.051527374961,2,"nonlinear_deconvolved_fit,cadzow_esprit",0.013258407584350046,combined,0.9998691456810896,0.6823367819360928,3952.936469274168,0.00031663102063652043,4057.755755003525,True,,,,,,unresolved,,,,,0,0.021896359617459157,,0.001200291798414546
165,rising_only,421233789,9954.08669321359,13213.072933530268,9949.721101067584,13207.270636782165,0.11904701057007397,4.200021467197514,medium,0.55,4477.374495480412,15422.067706654756,2,"nonlinear_deconvolved_fit,cadzow_esprit",0.14217198162762376,rising,0.9999865529866959,0.9058511810911154,9949.721101067584,9002.44214181808,12778.864232229505,True,,,,,,unresolved,,,,,0,0.0004385728475705443,,0.00043913302963602375
166,two_mode,383532943,2339.578735289079,45451.401694387954,6678.164753468721,45295.345100137085,0.023458711619042043,21.31404350416828,low,1.0,0.0,13356.329506937442,2,"nonlinear_deconvolved_fit,cadzow_esprit",0.45061603448089943,combined,0.847346902603044,0.812520707886591,6678.164753468721,0.0002981656584003056,659.5885158323443,True,,,,,,unresolved,,,,,0,1.8544304377273138,,0.0034334825425227336
167,frequency_jitter,404105712,3147.3333476751313,48312.4913693283,8594.17504848857,50234.089536803986,0.027218542046401097,18.369830358570262,medium,0.55,3867.3787718198564,13320.971325157285,2,"nonlinear_deconvolved_fit,cadzow_esprit",0.008116922998134733,combined,0.9464304092776749,0.5395645259408719,8594.17504848857,0.0002506689344651938,8733.691562690716,True,,,,,,unresolved,,,,,0,1.7306211637343423,,0.03977435468574554
168,delay_jitter,603022909,6878.65119949615,11834.029017141227,3771.1777033454764,11109.39209818517,0.05394782427445146,9.268214366835723,medium,0.55,1697.0299665054642,5845.325440185488,2,"nonlinear_deconvolved_fit,cadzow_esprit",0.374054381664376,combined,0.9972826848350091,0.855787694817819,3771.1777033454764,0.0003094450124117085,6592.428791288224,True,,,,,,unresolved,,,,,0,0.4517562245892467,,0.06123332281055278
169,standard,803773017,7948.744417999479,46235.525323167676,299.99999999999994,42857.142857142855,0.0011140839102516415,448.79922903389166,low,1.0,0.0,599.9999999999999,1,nonlinear_deconvolved_fit,inf,falling,1.0,0.43986805325453604,299.99999999999994,,,True,,,,,,unresolved,,,,,0,0.9622581901965968,,0.07306897547743407
170,weak_noisy,1697614934,7539.184896450336,20057.827134179242,9192.761433575746,19787.550361986523,0.07373780063466355,6.7807826609484465,medium,0.55,4136.742645109085,14248.780222042407,2,"nonlinear_deconvolved_fit,cadzow_esprit",0.11829618785458519,combined,0.9870185376295749,0.40248544285377486,9192.761433575746,0.0002530373809810934,11367.69870047307,True,,,,,,unresolved,,,,,0,0.21933094357507552,,0.013474877930927933
171,missing_edges,84228832,4738.697712688687,51382.83731664387,7367.387157547556,51215.2691419629,0.02288866030661077,21.844878350332657,medium,0.55,3315.3242208963998,11419.450094198712,2,"nonlinear_deconvolved_fit,cadzow_esprit",0.2184965835152335,combined,0.9584675540411572,0.6725605934137909,7367.387157547556,7755.454790603052,4147.8893108312595,True,,,,,,unresolved,,,,,0,0.554728240592367,,0.0032611701383546006
172,amplitude_jitter,1467322606,2256.0626014328363,12867.416072382824,9693.56903949789,13861.533868778326,0.11061630647478395,4.5201292280897105,low,1.0,0.0,19387.13807899578,1,nonlinear_deconvolved_fit,inf,combined,0.9891558259873332,0.7018327678242855,9693.56903949789,,,True,,,,,,unresolved,,,,,0,3.2966755591540133,,0.07725854132665876
173,rising_only,1303899992,1819.9766959569702,31947.761421439878,2781.538143449476,31575.446020528725,0.014018869007138113,35.66621528066283,medium,0.55,1251.692164552264,4311.384122346688,2,"nonlinear_deconvolved_fit,cadzow_esprit",0.2664207018769279,rising,0.9539847720075667,0.747669814346098,2781.538143449476,6938.495647738825,1299.4194544989632,True,,,,,,unresolved,,,,,0,0.528337230706629,,0.01165388072108537
174,two_mode,1461580793,2351.502086946145,24173.52273170826,3062.482076373901,24016.947181580974,0.02029020654577478,24.642430271569594,medium,0.55,1378.1169343682552,4746.847218379547,2,"nonlinear_deconvolved_fit,cadzow_esprit",0.19873710134555322,combined,0.9524058529323607,0.9222726788208261,3062.482076373901,1730.3081124799594,1845.2244548113804,True,,,,,,unresolved,,,,,0,0.30235141757883494,,0.0064771507183728665
175,frequency_jitter,1222347835,7885.584967597406,17241.79145868166,7725.942831846081,17187.97435283918,0.07135730116146988,7.006991462143193,high,0.35,5021.862840699953,10430.02282299221,3,"nonlinear_deconvolved_fit,logarithmic_decrement,cadzow_esprit",0.0065105674621089215,combined,0.9995288570124229,0.8748336298855595,7776.243103861212,7351.813604904728,7725.942831846081,True,,,,,,candidate_only_nonstationary,0.010309278350515493,0.0,0.010844451878312846,,0,0.020244805731890372,139.0,0.0031213175250057643
176,delay_jitter,80620676,6667.722388738361,18726.755110390048,6367.600439597994,18482.49374989233,0.05474991883258679,9.132433630246831,high,0.35,4138.940285738697,8596.260593457293,3,"nonlinear_deconvolved_fit,logarithmic_decrement,cadzow_esprit",0.04622810201381352,combined,0.9860709648795136,0.6318214938151605,6367.600439597994,7579.743895962622,6661.962522302934,True,,,,,,candidate_only_nonstationary,0.00961538461538468,1.0,0.009907061903074048,,0,0.04501116447908296,99.0,0.013043442873997833
177,standard,145404160,6260.625980247774,30341.60877339486,6886.11539965518,30169.13761545159,0.036303221025185586,13.772882567448269,medium,0.55,3098.751929844831,10673.478869465529,2,"nonlinear_deconvolved_fit,cadzow_esprit",0.0464708945439211,combined,0.9916731966372229,0.8552523734288615,6886.11539965518,0.0004055422970136083,6246.107514545886,True,,,,,,unresolved,,,,,0,0.09990844707555124,,0.005684311574622291
178,weak_noisy,1942882104,4422.993388649003,47945.13038069311,7951.7048436258865,47981.26261788488,0.02636681642775177,18.96322983740035,low,1.0,0.0,15903.409687251773,2,"nonlinear_deconvolved_fit,cadzow_esprit",0.231032631766244,combined,0.9406071506965548,0.13274725996853765,7951.7048436258865,0.0003179375935733321,4277.49824952333,True,,,,,,unresolved,,,,,0,0.7978107007875778,,0.0007536164132806361
179,missing_edges,2067603510,5387.4414542515515,11336.146604749532,4807.108782941697,11227.712874708905,0.06798401983370284,7.354669541799098,high,0.35,3124.6207089121035,6489.596856971292,3,"nonlinear_deconvolved_fit,logarithmic_decrement,cadzow_esprit",0.0315773647930004,combined,0.9897296150651642,0.649857241476266,4807.108782941697,5371.003372632232,5522.799200270818,True,,,,,,candidate_only_nonstationary,0.010000000000000049,0.0,0.015537797417486543,,0,0.1077195318478828,74.0,0.009565307667704036
180,amplitude_jitter,274963847,7609.792038253496,19961.116436949822,7904.108524590515,19887.68918973587,0.06312793915522492,7.92042329737001,high,0.35,5137.670540983835,10670.546508197196,3,"nonlinear_deconvolved_fit,logarithmic_decrement,cadzow_esprit",0.005643698313522601,combined,0.9994994155671766,0.8037184307574421,7904.108524590515,8556.27423718291,7948.716928540646,True,,,,,,candidate_only_nonstationary,0.010752688172042989,0.0,0.08654101691146177,,0,0.0386760222694032,102.0,0.0036785140473421796
181,rising_only,84012488,6967.302069677632,36075.98900696532,1633.2292897742122,36372.94805131533,0.007146241676630755,69.96684727792966,low,1.0,0.0,3266.4585795484245,1,cadzow_esprit,inf,combined,0.9954778565643517,0.8611390155666059,49.99999999999999,,1633.2292897742122,True,,,,,,unresolved,,,,,0,0.7655865536701525,,0.008231487272398212
182,two_mode,1935170241,4143.763595244993,18661.22192974708,4461.300389344621,18481.704968187394,0.038390104745112355,13.024189522787315,high,0.35,2899.8452530740037,6022.755525615239,3,"nonlinear_deconvolved_fit,logarithmic_decrement,cadzow_esprit",0.22358761791276274,combined,0.9671376971701021,0.8381652217032651,4461.300389344621,7562.542643579665,3463.8088624977763,True,4461.300389344621,0.038390104745112355,13.024189522787315,2230.6501946723106,6691.950584016931,accepted_stationary_single_mode,0.0,0.0,0.0562657380921759,0.0766300458028071,1,0.0766300458028071,85.0,0.009619786005198592
183,frequency_jitter,1714994375,5882.798931632111,10003.711773657496,7186.829776038189,9810.011000003973,0.11581259358214543,4.317319770974232,medium,0.55,3234.073399217185,11139.586152859194,2,"nonlinear_deconvolved_fit,cadzow_esprit",0.08894010504854219,combined,0.9993200386252099,0.9051516488111928,7186.829776038189,0.0004477861803432999,8465.224566531844,True,,,,,,unresolved,,,,,0,0.22166843700780556,,0.01936289029873795
184,delay_jitter,650122983,8880.620307233596,45656.80977909008,12246.602903793188,43842.749562527206,0.04441291080356384,11.25798762011965,low,1.0,0.0,24493.205807586375,2,"nonlinear_deconvolved_fit,cadzow_esprit",0.010634954716196935,rising,0.904639920052219,0.1449755862218144,12246.602903793188,,12507.08703841136,True,,,,,,unresolved,,,,,0,0.3790256175931623,,0.039732522384726
185,standard,429204016,6920.828498710242,7778.339792899167,6789.012108603716,7779.3560107340345,0.13757320832214878,3.6344285787765687,high,0.35,4412.857870592416,9165.166346615017,3,"nonlinear_deconvolved_fit,logarithmic_decrement,cadzow_esprit",0.0021397505001832656,combined,0.9997817479963874,0.9235062663647716,6789.012108603716,5767.730629867853,6803.538900658851,True,6789.012108603716,0.13757320832214878,3.6344285787765687,3394.506054301858,10183.518162905573,accepted_stationary_single_mode,0.0,0.0,0.005024722850223059,0.019046330960388717,1,0.019046330960388717,56.0,0.00013064713832571976
186,weak_noisy,1483669670,2904.7674470080847,15729.725089290601,3860.09304263436,17154.530333214196,0.035789921527336274,13.970413419825492,low,1.0,0.0,7720.18608526872,2,"nonlinear_deconvolved_fit,cadzow_esprit",0.6057695914850088,combined,0.9904864458609366,0.3523030199533842,3860.09304263436,0.00020784233723580354,8536.747013695842,True,,,,,,unresolved,,,,,0,0.32888195459855557,,0.09058042882730712
187,missing_edges,1950311655,4269.463108736343,38463.4088983333,5107.661590261226,37072.23995555149,0.021922447297972443,22.80767257432266,medium,0.55,2298.4477156175512,7916.8754649049,2,"nonlinear_deconvolved_fit,cadzow_esprit",0.3535705447752997,combined,0.9400162158381828,0.5003064093199189,5107.661590261226,0.00027079355748711677,1495.8242082681552,True,,,,,,unresolved,,,,,0,0.19632409513264742,,0.03616863358260707
188,amplitude_jitter,838052802,6293.397022670455,25627.223601445192,6530.215101403707,25590.416341595133,0.040580032199597944,12.321330785069064,medium,0.55,2938.596795631668,10121.833407175747,2,"nonlinear_deconvolved_fit,cadzow_esprit",0.0021821670518878083,combined,0.9996580508987662,0.8004392989792871,6530.215101403707,6968.808222742681,6558.715141875754,True,,,,,,unresolved,,,,,0,0.03762961050767523,,0.001436256241506505
189,rising_only,938170669,6094.5592898029345,41917.98976013591,8417.265055420767,41720.082325997355,0.03209387800028085,15.579295216228608,medium,0.55,3787.7692749393445,13046.760835902189,2,"nonlinear_deconvolved_fit,cadzow_esprit",0.13831134789108818,rising,0.9703770954990457,0.8100461976186824,8417.265055420767,0.0003291110933084136,6088.858504677164,True,,,,,,unresolved,,,,,0,0.3811113577160615,,0.004721300693831627
190,two_mode,512390132,4464.137871577444,45148.06875639803,5491.616236595813,45221.826518450274,0.01932373677821202,25.87491258749509,medium,0.55,2471.2273064681153,8512.00516672351,2,"nonlinear_deconvolved_fit,cadzow_esprit",0.28257004478893155,combined,0.9100215624446997,0.5511718230114272,5491.616236595813,0.00026202070729174456,2388.0837447188073,True,,,,,,unresolved,,,,,0,0.23016277601105994,,0.0016336858714868085
191,frequency_jitter,39394814,4388.317724310902,14978.748698151547,4600.332658400407,14917.217235462462,0.049022907875295584,10.199313375532505,high,0.35,2990.216227960265,6210.44908884055,3,"nonlinear_deconvolved_fit,logarithmic_decrement,cadzow_esprit",0.031154504630727522,combined,0.9992314139290388,0.9119696416142726,4600.332658400407,2337.415046981016,4743.65374350943,True,,,,,,candidate_only_nonstationary,0.01000000000000004,0.0,0.014606779798995724,,0,0.04831348762988617,120.0,0.004107917418808037
192,delay_jitter,1953865516,7011.275699105509,23802.12691293561,5298.5930850632985,23480.96087815153,0.035890948384847104,13.931089104658387,medium,0.55,2384.366888278484,8212.819281848113,2,"nonlinear_deconvolved_fit,cadzow_esprit",0.043183824888863506,combined,0.9818049793964654,0.5805198933754848,5298.5930850632985,0.0002801319921835537,5756.220116948732,True,,,,,,unresolved,,,,,0,0.2442754624897596,,0.013493165377987223
193,standard,1306703140,4583.084392033421,7659.364904243048,4100.828649102665,7697.550306834512,0.08448579520670453,5.918154629150268,high,0.35,2665.538621916732,5536.118676288598,3,"nonlinear_deconvolved_fit,logarithmic_decrement,cadzow_esprit",0.007065824665782156,combined,0.9987681363863615,0.9624343760961678,4129.80438532164,3844.6448712053902,4100.828649102665,True,4100.828649102665,0.08448579520670453,5.918154629150268,2050.4143245513324,6151.242973653997,accepted_stationary_single_mode,0.0,0.0,0.027458029431932283,0.10522515006903227,1,0.10522515006903227,71.0,0.004985452850054313
194,weak_noisy,2137411828,3455.9904217259964,24468.482429959076,3744.264097838543,24453.001393473216,0.024362705114722983,20.52317251493709,low,1.0,0.0,7488.528195677086,3,"nonlinear_deconvolved_fit,logarithmic_decrement,cadzow_esprit",0.08306390503823054,combined,0.988008823774318,0.13255644974635528,3744.264097838543,4434.778196252427,4123.76499879151,True,,,,,,unresolved,,,,,0,0.08341275320102781,,0.0006326929563439329
195,missing_edges,109493349,8447.364446394207,31318.606338223326,7556.619601786882,31079.634841521805,0.03866756882364952,12.930732787477302,medium,0.55,3400.478820804097,11712.760382769668,2,"nonlinear_deconvolved_fit,cadzow_esprit",0.00797751830561819,rising,0.9876076369462362,0.538631068111898,7556.619601786882,,7677.185744190579,True,,,,,,unresolved,,,,,0,0.10544647981744686,,0.007630336232741743
196,amplitude_jitter,16779705,3314.9326805146384,23994.61213358848,4238.595205538975,24238.90018802175,0.027820250369594936,17.97251977812736,medium,0.55,1907.3678424925388,6569.822568585412,2,"nonlinear_deconvolved_fit,cadzow_esprit",0.08199108636334959,combined,0.9949055387639787,0.7109085179527256,4238.595205538975,5644.434626034964,4933.6492566522265,True,,,,,,unresolved,,,,,0,0.2786368876972004,,0.010180954502336234
197,rising_only,1681892239,7618.5454295637555,18924.835275251917,7525.1556458489695,18871.735619263123,0.06333604591954418,7.8943987225718235,high,0.35,4891.35116980183,10158.960121896109,3,"nonlinear_deconvolved_fit,logarithmic_decrement,cadzow_esprit",0.014592186183689036,rising,0.9988782743116275,0.8538760643160386,7525.1556458489695,7401.343513177758,7634.964118094436,True,7525.1556458489695,0.06333604591954418,7.8943987225718235,3762.5778229244847,11287.733468773455,accepted_stationary_single_mode,0.0,0.0,0.05744092014594251,0.012258217080702457,1,0.012258217080702457,75.0,0.0028058186619057215
198,two_mode,1009705591,8368.995601716182,26909.141239155353,7618.487218141113,26345.620703448967,0.0459749188644398,10.875494994875016,medium,0.55,3428.3192481635006,11808.655188118726,3,"nonlinear_deconvolved_fit,logarithmic_decrement,cadzow_esprit",0.09431477360451776,combined,0.9142307081067668,0.753386688013473,7618.487218141113,10012.099209275679,8337.023115329004,True,,,,,,unresolved,,,,,0,0.08967723479519654,,0.02094160236100029
199,frequency_jitter,142705922,7466.863159336719,31079.64290528221,8680.656279802755,30967.384650078242,0.04456935888627757,11.218469650321685,high,0.35,5642.426581871791,11718.88597773372,3,"nonlinear_deconvolved_fit,logarithmic_decrement,cadzow_esprit",0.015518637845001623,combined,0.9990493080360844,0.7228741479085257,8680.656279802755,9520.13730660277,8815.368240865953,True,,,,,,candidate_only_nonstationary,0.010204081632652988,0.0,0.02157796553602694,,0,0.16255730077874594,134.0,0.0036119544727744755
200,delay_jitter,1748079980,3200.9653222064153,14105.704250126888,3196.118382337138,14090.159341590492,0.036078149515889016,13.858803921742085,medium,0.55,1438.253272051712,4953.983492622564,2,"nonlinear_deconvolved_fit,cadzow_esprit",0.32744790026208287,rising,0.9998910321674677,0.6547066931851582,3196.118382337138,,1102.9938757664565,True,,,,,,unresolved,,,,,0,0.0015142119271496328,,0.0011020299490722943
