Family,Region,True pole,Collective fitted pole,Single fitted pole,True start,Collective fitted start,Single fitted start
0,1,-16.917887229716893,-15.848507336610563,-15.848507336610563,0,0,0
0,2,-2.089662892829181,-1.9923447578396105,-15.848507336610563,57,54,57
0,3,-2.5108714703265114,-0.8,-4.961797042613721,102,99,99
0,4,-19.023576344321782,-15.848507336610563,-7.512141688339704,154,153,150
0,5,-26.33365392226428,-26.06982374322739,-22.084531217233312,183,183,183
0,6,-17.899320262984894,-17.219213869646232,-10.467997023365006,210,210,207
1,1,-4.371640576711458,-6.9141502952803435,-18.708470141140005,0,0,0
1,2,-20.983504831595017,-20.326529287084,-22.084531217233312,41,42,45
1,3,-22.909578832341335,-18.708470141140005,-26.06982374322739,101,99,102
1,4,-26.539260784948972,-26.06982374322739,-28.32455202526461,126,126,126
1,5,-2.660034088981206,-4.961797042613721,-20.326529287084,162,162,165
1,6,-31.988155152330116,-36.32770102930122,-50.621817587743905,196,198,204
2,1,-2.5419890231646876,-2.7762866915774826,-0.8,0,0,0
2,2,-2.575639269922933,-3.560731086348484,-55.0,26,27,27
2,3,-4.548849231372116,-6.9141502952803435,-0.8,73,75,57
2,4,-3.3360104539796125,-3.2772850824025843,-0.8,125,126,114
2,5,-2.143725619146071,-0.9443650304113036,-3.0164023204439605,183,183,171
2,6,-19.760760436657385,-18.708470141140005,-10.467997023365006,210,210,213
3,1,-12.659385324374522,-12.357012909144409,-1.0260413226489318,0,0,0
3,2,-2.7740076415140376,-2.164658775660178,-17.219213869646232,38,39,39
3,3,-6.528949130622105,-11.373353698474634,-5.857184518803278,73,75,69
3,4,-22.692644897919465,-23.99457931044167,-20.326529287084,98,99,96
3,5,-9.58722378893281,-8.86775489245368,-15.848507336610563,148,147,147
3,6,-10.83964980707196,-8.161852192338433,-0.8,203,201,204
4,1,-11.477859808550626,-9.634709742287807,-6.9141502952803435,0,0,0
4,2,-19.999939770829588,-22.084531217233312,-17.219213869646232,31,33,30
4,3,-6.7372134414950855,-0.8,-8.86775489245368,59,90,69
4,4,-2.15688432560679,-2.7762866915774826,-14.586913589671289,91,123,117
4,5,-3.684658145109721,-0.8,-55.0,124,162,171
4,6,-6.360696598001341,-6.363761000398675,-2.7762866915774826,162,183,192
5,1,-3.412172974642344,-3.868691783137035,-0.8,0,0,0
5,2,-2.107348111178919,-4.566821541792708,-1.9923447578396105,57,57,42
5,3,-7.766290361232548,-8.161852192338433,-0.8,89,90,90
5,4,-7.021378357279858,-6.363761000398675,-7.512141688339704,136,135,132
5,5,-24.638711649705744,-22.084531217233312,-23.99457931044167,187,186,186
5,6,-18.237081283666864,-17.219213869646232,-36.32770102930122,214,213,216
6,1,-32.534241699229845,-30.774287365112826,-30.774287365112826,0,0,0
6,2,-15.023808665669405,-15.848507336610563,-14.586913589671289,49,51,48
6,3,-5.702146708058396,-7.512141688339704,-55.0,76,78,93
6,4,-4.171730166464959,-2.5552850631330246,-1.2111969310832655,108,111,114
6,5,-13.398099800663985,-13.425746889173139,-11.373353698474634,136,141,144
6,6,-7.579130537820436,-6.363761000398675,-4.961797042613721,197,198,195
7,1,-5.197782735321408,-3.560731086348484,-0.8,0,0,0
7,2,-14.905900594451024,-14.586913589671289,-30.774287365112826,36,39,45
7,3,-16.73192477688674,-14.586913589671289,-10.467997023365006,96,96,102
7,4,-3.588165285444534,-0.8,-28.32455202526461,125,141,144
7,5,-15.82213822962531,-17.219213869646232,-11.373353698474634,173,174,174
7,6,-30.034657787864894,-26.06982374322739,-28.32455202526461,206,207,204
8,1,-7.3147513096861685,-6.9141502952803435,-0.8691904419222768,0,0,0
8,2,-15.915289257981822,-15.848507336610563,-3.868691783137035,55,57,57
8,3,-2.063360118649126,-0.8,-55.0,96,87,93
8,4,-14.0923536608074,-13.425746889173139,-4.961797042613721,121,123,126
8,5,-21.26228499886205,-28.32455202526461,-14.586913589671289,157,156,183
8,6,-8.383856761013373,-0.8,-33.435895543406936,187,186,204
9,1,-3.080239696979583,-0.8,-9.634709742287807,0,0,0
9,2,-2.6882722786801367,-14.586913589671289,-2.5552850631330246,26,27,54
9,3,-8.287838844746174,-8.161852192338433,-14.586913589671289,61,69,93
9,4,-20.676330739011846,-20.326529287084,-22.084531217233312,125,126,126
9,5,-29.177392297048172,-28.32455202526461,-23.99457931044167,170,171,168
9,6,-14.666535207613693,-15.848507336610563,-17.219213869646232,212,213,213
10,1,-4.46577456879378,-1.833747507331901,-8.161852192338433,0,0,0
10,2,-10.13866294279979,-6.9141502952803435,-0.8,64,45,51
10,3,-30.89067429721289,-9.634709742287807,-39.46961313959834,97,66,90
10,4,-15.989789756402791,-30.774287365112826,-55.0,125,99,114
10,5,-12.693895626786647,-20.326529287084,-55.0,172,126,135
10,6,-12.132166275402206,-0.8,-22.084531217233312,197,183,186
11,1,-3.953649229224896,-3.0164023204439605,-14.586913589671289,0,0,0
11,2,-15.821833740655848,-6.9141502952803435,-3.0164023204439605,28,30,30
11,3,-6.383565655763356,-5.857184518803278,-13.425746889173139,54,75,84
11,4,-24.03074618059379,-20.326529287084,-55.0,132,132,138
11,5,-17.223019478934408,-15.848507336610563,-36.32770102930122,165,165,168
11,6,-3.014167678547036,-3.0164023204439605,-26.06982374322739,191,192,210
12,1,-15.21541495472458,-13.425746889173139,-14.586913589671289,0,0,0
12,2,-2.266154233609372,-3.0164023204439605,-15.848507336610563,55,57,48
12,3,-27.511985964974738,-30.774287365112826,-28.32455202526461,86,90,81
12,4,-11.583906242717994,-12.357012909144409,-17.219213869646232,124,126,129
12,5,-2.9132613646122745,-7.512141688339704,-23.99457931044167,160,165,165
12,6,-2.7013533192539247,-0.8,-0.8,186,186,219
13,1,-16.87679239099995,-14.586913589671289,-14.586913589671289,0,0,0
13,2,-3.124586055608252,-0.8,-55.0,28,27,42
13,3,-20.980656784801205,-18.708470141140005,-55.0,79,81,81
13,4,-18.98854734990211,-18.708470141140005,-20.326529287084,104,105,102
13,5,-5.321014264642358,-3.2772850824025843,-0.8,162,162,159
13,6,-11.044093249032285,-11.373353698474634,-0.8,199,198,183
14,1,-7.82404064639222,-7.512141688339704,-10.467997023365006,0,0,0
14,2,-2.16872239811675,-0.8,-0.8,56,57,48
14,3,-2.7216398441601597,-1.6877751239661007,-4.203287400807451,83,84,75
14,4,-4.258082683784512,-20.326529287084,-33.435895543406936,130,135,132
14,5,-3.4720663736727686,-3.868691783137035,-1.3159509947289614,159,156,153
14,6,-21.4011224353601,-20.326529287084,-0.8,213,213,207
15,1,-6.702087618301724,-3.868691783137035,-0.8,0,0,0
15,2,-3.178040659676708,-0.8,-0.8,38,57,57
15,3,-16.530188132743742,-14.586913589671289,-8.161852192338433,71,105,108
15,4,-16.444136572776024,-15.848507336610563,-55.0,105,126,141
15,5,-23.367461867581593,-22.084531217233312,-20.326529287084,171,171,171
15,6,-16.63756371864113,-20.326529287084,-18.708470141140005,204,204,204
16,1,-16.427852486530693,-15.848507336610563,-17.219213869646232,0,0,0
16,2,-11.468732728406739,-9.634709742287807,-6.363761000398675,55,54,51
16,3,-9.405278460776014,-8.161852192338433,-17.219213869646232,87,87,87
16,4,-6.538523569495888,-5.857184518803278,-15.848507336610563,112,111,117
16,5,-2.83631992845869,-1.553422626446251,-0.8,155,156,168
16,6,-4.96647360305798,-4.961797042613721,-5.857184518803278,186,186,192
17,1,-2.218754426039925,-2.3518758972837563,-5.390933205247584,0,0,0
17,2,-2.159664968668621,-22.084531217233312,-18.708470141140005,49,54,51
17,3,-27.145191085247323,-46.592153016123966,-14.586913589671289,76,87,90
17,4,-20.43312496134279,-17.219213869646232,-2.164658775660178,145,144,144
17,5,-2.667864142746698,-2.5552850631330246,-0.8,170,171,165
17,6,-3.851491393834878,-3.868691783137035,-3.868691783137035,213,213,213
18,1,-18.20328282913501,-17.219213869646232,-2.5552850631330246,0,0,0
18,2,-4.843102400794195,-6.9141502952803435,-30.774287365112826,39,42,45
18,3,-2.195621891182876,-3.868691783137035,-0.8,82,87,81
18,4,-32.585321628261845,-30.774287365112826,-26.06982374322739,144,144,105
18,5,-4.91543169513888,-12.357012909144409,-26.06982374322739,179,174,144
18,6,-17.503587332074403,-4.961797042613721,-50.621817587743905,214,201,201
19,1,-2.322013183067404,-0.8,-14.586913589671289,0,0,0
19,2,-13.111366374050384,-13.425746889173139,-8.86775489245368,36,36,33
19,3,-3.923324748279163,-0.8,-8.86775489245368,107,93,72
19,4,-16.83456732784138,-17.219213869646232,-28.32455202526461,139,138,126
19,5,-26.097401794991793,-0.8,-42.88326310913597,180,189,177
19,6,-24.087076872609227,-23.99457931044167,-30.774287365112826,209,210,210
20,1,-33.6374611531089,-33.435895543406936,-33.435895543406936,0,0,0
20,2,-17.089730186035705,-17.219213869646232,-26.06982374322739,29,30,33
20,3,-9.974500378076483,-10.467997023365006,-28.32455202526461,70,72,84
20,4,-2.1882792543707072,-0.8,-39.46961313959834,134,129,138
20,5,-5.201926607038667,-8.86775489245368,-55.0,186,174,171
20,6,-9.101939867063024,-10.467997023365006,-0.8,213,213,198
21,1,-27.470268649328826,-23.99457931044167,-23.99457931044167,0,0,0
21,2,-5.177598696346439,-4.961797042613721,-14.586913589671289,45,48,48
21,3,-5.831322082935094,-5.857184518803278,-12.357012909144409,101,105,78
21,4,-10.535020342723678,-8.86775489245368,-2.5552850631330246,131,132,126
21,5,-11.08231185138597,-5.857184518803278,-11.373353698474634,165,165,165
21,6,-5.70830897415245,-13.425746889173139,-0.8,214,186,219
22,1,-3.8710544962647604,-4.961797042613721,-1.3159509947289614,0,0,0
22,2,-7.763587687971568,-6.9141502952803435,-17.219213869646232,30,30,33
22,3,-4.570062223954651,-14.586913589671289,-1.833747507331901,56,54,84
22,4,-11.644962847259785,-8.86775489245368,-22.084531217233312,95,96,132
22,5,-25.792522385486816,-26.06982374322739,-55.0,130,132,183
22,6,-3.900736086520353,-0.8,-0.8,210,189,219
23,1,-4.380462780452935,-3.2772850824025843,-17.219213869646232,0,0,0
23,2,-3.0758934408517313,-0.8,-0.8,63,57,42
23,3,-2.597599218981048,-0.8691904419222768,-5.390933205247584,89,93,81
23,4,-22.477448528920892,-22.084531217233312,-0.9443650304113036,127,129,123
23,5,-7.301630958397605,-0.8,-0.8,171,162,150
23,6,-3.594911826127526,-0.8,-36.32770102930122,206,198,183
24,1,-4.86570587354128,-3.868691783137035,-4.961797042613721,0,0,0
24,2,-5.67050623060921,-2.5552850631330246,-10.467997023365006,31,30,30
24,3,-5.189233665668035,-4.961797042613721,-3.2772850824025843,58,60,54
24,4,-13.019439624158592,-12.357012909144409,-12.357012909144409,94,93,93
24,5,-4.00647222221143,-13.425746889173139,-12.357012909144409,145,147,147
24,6,-25.369272838011327,-26.06982374322739,-23.99457931044167,177,183,183
25,1,-13.672075989261181,-13.425746889173139,-14.586913589671289,0,0,0
25,2,-6.269026985489545,-6.363761000398675,-0.8,35,36,36
25,3,-7.614735767439928,-8.86775489245368,-1.3159509947289614,77,78,57
25,4,-4.466032701867606,-1.6877751239661007,-0.8,103,102,102
25,5,-3.5482123709193507,-3.560731086348484,-4.961797042613721,137,138,135
25,6,-9.148684430238642,-6.9141502952803435,-11.373353698474634,191,189,192
26,1,-8.162187661439988,-7.512141688339704,-50.621817587743905,0,0,0
26,2,-2.100731919992322,-0.8,-0.8,52,36,21
26,3,-10.887626744693222,-11.373353698474634,-3.868691783137035,88,90,75
26,4,-7.9616407339081015,-11.373353698474634,-20.326529287084,128,147,126
26,5,-19.686601578864877,-13.425746889173139,-0.8,176,186,174
26,6,-20.934591658353995,-6.9141502952803435,-0.8,206,216,195
27,1,-31.334681124790592,-30.774287365112826,-33.435895543406936,0,0,0
27,2,-4.135193055114382,-0.8,-0.8,45,54,39
27,3,-9.859831371756313,-6.9141502952803435,-0.8,70,96,90
27,4,-6.219398582598446,-4.566821541792708,-1.429765033320657,95,126,111
27,5,-27.476017893960574,-26.06982374322739,-6.363761000398675,174,174,165
27,6,-17.086332097445666,-20.326529287084,-11.373353698474634,202,204,198
28,1,-5.299661791197905,-0.8,-4.961797042613721,0,0,0
28,2,-3.481806377751791,-17.219213869646232,-6.363761000398675,44,24,39
28,3,-2.565792201279855,-5.390933205247584,-20.326529287084,75,45,93
28,4,-2.9869245275331444,-4.961797042613721,-55.0,106,93,150
28,5,-2.6209009233222815,-1.833747507331901,-0.8,131,138,183
28,6,-3.4172140036697805,-3.2772850824025843,-11.373353698474634,178,183,204
29,1,-8.58167363592008,-8.86775489245368,-12.357012909144409,0,0,0
29,2,-4.57829425339161,-4.203287400807451,-17.219213869646232,52,54,36
29,3,-31.390719853652165,-26.06982374322739,-30.774287365112826,78,78,78
29,4,-6.7353136738201345,-26.06982374322739,-0.8,121,99,111
29,5,-5.23094169114181,-46.592153016123966,-0.8,147,141,141
29,6,-12.881442492564803,-55.0,-55.0,186,198,189
30,1,-3.101746072606461,-3.2772850824025843,-7.512141688339704,0,0,0
30,2,-32.879691142663596,-28.32455202526461,-30.774287365112826,43,42,45
30,3,-2.993831311150632,-0.8,-50.621817587743905,83,84,84
30,4,-9.976086177366847,-9.634709742287807,-6.9141502952803435,110,111,108
30,5,-10.188104065560088,-5.857184518803278,-0.8,155,153,144
30,6,-4.440242955140064,-3.868691783137035,-7.512141688339704,192,189,189
31,1,-20.329853809797022,-20.326529287084,-33.435895543406936,0,0,0
31,2,-17.157444052194247,-15.848507336610563,-3.560731086348484,55,54,42
31,3,-2.6463887691898287,-2.5552850631330246,-0.8,87,87,87
31,4,-9.210034347850453,-8.86775489245368,-30.774287365112826,122,123,129
31,5,-3.869117618561362,-6.363761000398675,-55.0,156,156,186
31,6,-18.42240270250195,-17.219213869646232,-28.32455202526461,213,213,216
32,1,-3.987629800885858,-3.868691783137035,-0.8,0,0,0
32,2,-2.6181809992190517,-6.9141502952803435,-2.5552850631330246,37,39,39
32,3,-18.26834270459895,-18.708470141140005,-39.46961313959834,76,78,84
32,4,-4.695798172636423,-4.961797042613721,-28.32455202526461,122,123,123
32,5,-3.0167873929518016,-3.560731086348484,-55.0,152,153,177
32,6,-17.200999939464037,-14.586913589671289,-23.99457931044167,210,210,213
33,1,-27.539627372587592,-26.06982374322739,-20.326529287084,0,0,0
33,2,-2.8886694054939865,-1.553422626446251,-5.857184518803278,28,27,27
33,3,-14.674085002682268,-13.425746889173139,-0.8,58,54,78
33,4,-2.3230854033116226,-2.3518758972837563,-1.833747507331901,93,93,102
33,5,-3.5584794607857013,-2.5552850631330246,-1.6877751239661007,149,147,147
33,6,-15.410550119898872,-15.848507336610563,-10.467997023365006,202,204,201
34,1,-3.812649794257269,-1.6877751239661007,-0.8,0,0,0
34,2,-2.1443932900229523,-3.0164023204439605,-55.0,54,54,51
34,3,-2.4719362190076937,-8.161852192338433,-55.0,102,102,72
34,4,-8.144125283034262,-8.86775489245368,-0.8,129,129,108
34,5,-5.939283574819137,-4.961797042613721,-9.634709742287807,165,168,129
34,6,-8.958958410266803,-8.86775489245368,-15.848507336610563,190,189,183
35,1,-10.6411623201219,-8.86775489245368,-9.634709742287807,0,0,0
35,2,-15.86734863655458,-15.848507336610563,-36.32770102930122,40,42,42
35,3,-16.64434041101006,-22.084531217233312,-0.8,71,72,63
35,4,-27.57208812195572,-14.586913589671289,-55.0,121,93,102
35,5,-4.595031268081748,-39.46961313959834,-26.06982374322739,164,141,159
35,6,-7.937662671568257,-6.9141502952803435,-5.390933205247584,198,198,189
36,1,-5.813941313441418,-6.363761000398675,-0.8,0,0,0
36,2,-8.669136419777338,-8.161852192338433,-8.86775489245368,43,45,42
36,3,-14.841551939282379,-9.634709742287807,-0.8,106,102,99
36,4,-21.65826547177626,-20.326529287084,-33.435895543406936,134,135,135
36,5,-28.39879871788859,-30.774287365112826,-30.774287365112826,160,162,159
36,6,-17.375810706390855,-17.219213869646232,-14.586913589671289,200,201,204
37,1,-20.352794292690607,-20.326529287084,-39.46961313959834,0,0,0
37,2,-8.717329823658378,-8.86775489245368,-6.363761000398675,30,30,24
37,3,-5.300076782516291,-4.961797042613721,-1.3159509947289614,87,87,81
37,4,-24.010421815926343,-22.084531217233312,-55.0,137,135,138
37,5,-2.9699303324911934,-0.8,-12.357012909144409,181,177,162
37,6,-11.432050018355298,-11.373353698474634,-55.0,209,207,219
38,1,-27.87750056710336,-26.06982374322739,-14.586913589671289,0,0,0
38,2,-3.185417379638442,-2.7762866915774826,-33.435895543406936,37,36,42
38,3,-18.74391705337254,-17.219213869646232,-8.86775489245368,76,75,72
38,4,-9.47375461298787,-8.161852192338433,-0.8,104,105,114
38,5,-4.2574698339575265,-0.8,-3.0164023204439605,158,162,141
38,6,-19.117001229891695,-20.326529287084,-23.99457931044167,194,195,195
39,1,-6.04723123294875,-6.363761000398675,-30.774287365112826,0,0,0
39,2,-24.385588747631118,-18.708470141140005,-5.857184518803278,43,42,33
39,3,-16.04418631304366,-22.084531217233312,-33.435895543406936,72,66,60
39,4,-8.365198337876159,-8.161852192338433,-4.961797042613721,122,123,117
39,5,-20.89013186202854,-20.326529287084,-22.084531217233312,162,162,168
39,6,-26.281089745980267,-23.99457931044167,-18.708470141140005,193,192,192
40,1,-12.735234610718488,-12.357012909144409,-3.2772850824025843,0,0,0
40,2,-33.6277423920148,-30.774287365112826,-0.8,50,51,45
40,3,-12.24019469412053,-13.425746889173139,-1.6877751239661007,76,78,66
40,4,-6.545771481548941,-5.857184518803278,-0.8,136,135,111
40,5,-9.396555747199033,-10.467997023365006,-13.425746889173139,176,177,132
40,6,-18.186367793303493,-15.848507336610563,-0.8,206,207,189
41,1,-18.00880541793852,-15.848507336610563,-23.99457931044167,0,0,0
41,2,-26.576342217310984,-26.06982374322739,-22.084531217233312,29,30,33
41,3,-7.94645280257334,-6.363761000398675,-0.8,71,72,90
41,4,-25.87374845000627,-18.708470141140005,-0.8,101,102,126
41,5,-8.964380950831798,-8.161852192338433,-5.857184518803278,131,141,156
41,6,-5.972072256076026,-0.8,-0.8,210,198,213
42,1,-6.021009670796246,-5.390933205247584,-20.326529287084,0,0,0
42,2,-3.7288688265184837,-0.8,-55.0,44,48,21
42,3,-6.231556691897799,-3.0164023204439605,-55.0,93,93,75
42,4,-2.200561610839306,-50.621817587743905,-17.219213869646232,124,120,96
42,5,-11.739672049732356,-11.373353698474634,-26.06982374322739,149,150,150
42,6,-2.6752116532349652,-1.9923447578396105,-12.357012909144409,179,183,195
43,1,-2.262854664688467,-1.833747507331901,-1.429765033320657,0,0,0
43,2,-4.444765882946885,-4.566821541792708,-55.0,40,42,36
43,3,-13.50600004904985,-12.357012909144409,-55.0,96,99,78
43,4,-3.1035449466425993,-5.857184518803278,-12.357012909144409,121,126,99
43,5,-4.90930389495092,-4.203287400807451,-15.848507336610563,149,150,153
43,6,-9.406936720071357,-8.161852192338433,-7.512141688339704,206,207,204
44,1,-22.959514686472644,-20.326529287084,-10.467997023365006,0,0,0
44,2,-33.83695136445387,-36.32770102930122,-18.708470141140005,26,27,24
44,3,-2.2254136809037703,-2.5552850631330246,-0.8,74,75,81
44,4,-15.023219884263826,-13.425746889173139,-18.708470141140005,132,132,132
44,5,-2.316996331144426,-3.560731086348484,-0.8,162,159,159
44,6,-2.8493465543480654,-0.8,-46.592153016123966,206,207,213
45,1,-9.040948180581868,-10.467997023365006,-0.8,0,0,0
45,2,-27.780848631973768,-26.06982374322739,-20.326529287084,44,45,42
45,3,-2.4308840595642147,-4.203287400807451,-30.774287365112826,93,93,90
45,4,-18.46505675360588,-18.708470141140005,-4.566821541792708,123,123,117
45,5,-12.828912786147965,-12.357012909144409,-0.8,149,150,162
45,6,-17.168880112320025,-17.219213869646232,-14.586913589671289,189,189,189
46,1,-7.078245747584296,-3.560731086348484,-0.8,0,0,0
46,2,-6.33918459985006,-6.363761000398675,-8.161852192338433,28,30,24
46,3,-13.912751701609405,-18.708470141140005,-0.8,80,84,81
46,4,-8.19668325821082,-42.88326310913597,-50.621817587743905,114,132,132
46,5,-8.355613025513719,-0.8,-14.586913589671289,159,183,189
46,6,-18.388281411906167,-17.219213869646232,-23.99457931044167,212,213,216
47,1,-33.3119199586718,-23.99457931044167,-30.774287365112826,0,0,0
47,2,-17.183528158295086,-42.88326310913597,-55.0,43,21,51
47,3,-7.461948211156639,-17.219213869646232,-17.219213869646232,101,45,102
47,4,-4.8455084249186005,-6.9141502952803435,-28.32455202526461,137,102,153
47,5,-5.275404528527645,-8.161852192338433,-0.8,164,159,174
47,6,-9.290496518874663,-8.161852192338433,-42.88326310913597,205,195,210
48,1,-14.773779827970975,-13.425746889173139,-9.634709742287807,0,0,0
48,2,-17.61680038056442,-15.848507336610563,-9.634709742287807,58,57,54
48,3,-15.737118351341332,-15.848507336610563,-0.8,107,108,99
48,4,-25.376698278286295,-22.084531217233312,-0.8,140,141,150
48,5,-6.500394383552661,-4.961797042613721,-13.425746889173139,174,174,171
48,6,-3.911976882275084,-2.5552850631330246,-30.774287365112826,201,201,207
49,1,-21.14766612164931,-22.084531217233312,-22.084531217233312,0,0,0
49,2,-7.956231983788046,-8.161852192338433,-8.161852192338433,44,51,51
49,3,-12.162590757714536,-10.467997023365006,-11.373353698474634,109,108,108
49,4,-4.274351099026264,-3.868691783137035,-3.868691783137035,138,138,135
49,5,-4.433046829898236,-4.961797042613721,-39.46961313959834,173,174,174
49,6,-2.0962824313518857,-1.2111969310832655,-0.8,198,198,219
50,1,-23.63203293028627,-22.084531217233312,-17.219213869646232,0,0,0
50,2,-15.94242135466471,-14.586913589671289,-17.219213869646232,28,27,27
50,3,-4.749889625574856,-4.566821541792708,-4.566821541792708,59,60,63
50,4,-3.8360344029702107,-0.8,-0.8,135,117,120
50,5,-30.334079818306712,-22.084531217233312,-2.7762866915774826,176,174,171
50,6,-5.580722985377668,-2.7762866915774826,-12.357012909144409,206,204,204
51,1,-3.2717187496991125,-2.3518758972837563,-0.8,0,0,0
51,2,-12.799344076140539,-12.357012909144409,-17.219213869646232,27,27,33
51,3,-7.08020138433144,-5.857184518803278,-0.8,58,66,78
51,4,-6.010548622757321,-6.9141502952803435,-55.0,124,123,120
51,5,-5.581722542059089,-3.0164023204439605,-0.8,167,168,150
51,6,-7.094225525190867,-13.425746889173139,-11.373353698474634,206,213,198
52,1,-2.549591710289098,-1.9923447578396105,-0.8,0,0,0
52,2,-6.21233237021804,-7.512141688339704,-55.0,26,27,24
52,3,-26.33157649540544,-23.99457931044167,-30.774287365112826,55,54,54
52,4,-3.85342678662352,-4.566821541792708,-8.86775489245368,114,111,111
52,5,-9.166645901339562,-8.86775489245368,-10.467997023365006,169,168,165
52,6,-15.873223137594016,-18.708470141140005,-26.06982374322739,201,204,204
53,1,-24.653180449458695,-20.326529287084,-18.708470141140005,0,0,0
53,2,-10.507462556188866,-8.86775489245368,-2.7762866915774826,38,39,45
53,3,-2.198284747505141,-1.833747507331901,-0.8,65,81,102
53,4,-31.33869340272291,-30.774287365112826,-9.634709742287807,135,138,126
53,5,-3.015406024413359,-0.8,-55.0,185,186,180
53,6,-5.56736681354234,-5.390933205247584,-55.0,212,210,201
54,1,-8.109366573323117,-13.425746889173139,-6.363761000398675,0,0,0
54,2,-19.934299292085115,-20.326529287084,-10.467997023365006,28,30,30
54,3,-6.781470108296649,-0.8,-1.1147816383296778,105,87,87
54,4,-31.19356801730187,-11.373353698474634,-55.0,130,123,141
54,5,-18.351133648519724,-17.219213869646232,-18.708470141140005,165,165,162
54,6,-4.564818346606949,-4.566821541792708,-4.566821541792708,193,195,183
55,1,-4.238937272350966,-0.8,-1.1147816383296778,0,0,0
55,2,-11.514717408966796,-10.467997023365006,-6.9141502952803435,28,30,21
55,3,-2.9455377762574444,-0.8,-0.8,74,87,54
55,4,-4.964488098081649,-3.0164023204439605,-0.8,100,135,96
55,5,-2.9325380635937983,-2.3518758972837563,-36.32770102930122,136,171,132
55,6,-2.989723796503982,-12.357012909144409,-5.857184518803278,170,213,183
56,1,-32.87269918921201,-30.774287365112826,-55.0,0,0,0
56,2,-8.746105747917746,-7.512141688339704,-55.0,32,33,39
56,3,-4.258655976922772,-0.8,-26.06982374322739,65,66,90
56,4,-2.739484808302817,-2.164658775660178,-0.8,91,105,132
56,5,-24.45591710948415,-22.084531217233312,-23.99457931044167,163,162,165
56,6,-2.3511976387878,-0.8,-42.88326310913597,214,213,213
57,1,-2.3227856397063156,-0.8,-55.0,0,0,0
57,2,-7.40885360810956,-2.164658775660178,-10.467997023365006,33,57,30
57,3,-3.2310590862732087,-3.868691783137035,-55.0,61,111,81
57,4,-3.623004558444,-13.425746889173139,-9.634709742287807,107,153,105
57,5,-18.617468954147903,-0.8,-22.084531217233312,154,174,153
57,6,-11.072829661034119,-28.32455202526461,-55.0,179,195,198
58,1,-2.654928358530252,-0.8,-6.9141502952803435,0,0,0
58,2,-16.97424056881095,-13.425746889173139,-17.219213869646232,27,27,27
58,3,-9.995824453244447,-9.634709742287807,-15.848507336610563,52,51,54
58,4,-14.801726638205748,-14.586913589671289,-10.467997023365006,106,108,105
58,5,-23.487065020092494,-22.084531217233312,-6.9141502952803435,152,153,144
58,6,-12.272868660411545,-12.357012909144409,-14.586913589671289,183,183,183
59,1,-13.697440212256742,-10.467997023365006,-0.8,0,0,0
59,2,-10.644854993835338,-11.373353698474634,-0.8,41,45,27
59,3,-14.393175933459299,-12.357012909144409,-26.06982374322739,78,81,48
59,4,-4.378699682230569,-7.512141688339704,-9.634709742287807,135,138,105
59,5,-3.6772334544251435,-1.9923447578396105,-0.8,165,168,162
59,6,-18.701537906538405,-18.708470141140005,-3.2772850824025843,209,213,183
60,1,-8.358146201810817,-6.9141502952803435,-3.560731086348484,0,0,0
60,2,-6.6129913650506404,-5.857184518803278,-0.8,36,36,36
60,3,-2.6996453087977246,-3.0164023204439605,-15.848507336610563,76,75,78
60,4,-9.455852321067546,-10.467997023365006,-8.86775489245368,107,111,117
60,5,-9.259942785390288,-8.86775489245368,-9.634709742287807,165,165,165
60,6,-9.338100585737434,-9.634709742287807,-8.161852192338433,206,207,204
61,1,-10.824950622151146,-9.634709742287807,-0.8,0,0,0
61,2,-10.376561918711998,-6.9141502952803435,-23.99457931044167,28,27,21
61,3,-13.71716227286076,-14.586913589671289,-10.467997023365006,66,66,66
61,4,-6.341602327807221,-6.363761000398675,-0.8,116,117,120
61,5,-5.010239091531045,-0.8,-0.8,181,174,162
61,6,-23.82906093742593,-23.99457931044167,-36.32770102930122,213,213,213
62,1,-32.24565490947435,-30.774287365112826,-39.46961313959834,0,0,0
62,2,-12.445095901036108,-15.848507336610563,-22.084531217233312,29,30,33
62,3,-2.8229955380385268,-0.8,-0.8,69,75,81
62,4,-2.621955210342359,-0.8,-55.0,98,132,138
62,5,-10.274886709008197,-9.634709742287807,-0.8,135,153,165
62,6,-20.25850116246546,-18.708470141140005,-17.219213869646232,207,207,207
63,1,-29.429320602665726,-28.32455202526461,-26.06982374322739,0,0,0
63,2,-7.322462340917045,-3.868691783137035,-5.857184518803278,60,57,57
63,3,-28.381653419217052,-28.32455202526461,-33.435895543406936,90,90,90
63,4,-14.903170286446308,-14.586913589671289,-13.425746889173139,120,123,123
63,5,-3.1305575278564337,-0.8,-0.8,183,180,180
63,6,-3.9745914113940772,-4.203287400807451,-5.857184518803278,208,210,207
64,1,-6.989247569169291,-4.961797042613721,-8.86775489245368,0,0,0
64,2,-28.49104950507753,-23.99457931044167,-2.3518758972837563,43,42,45
64,3,-31.032956328526723,-30.774287365112826,-3.868691783137035,74,75,102
64,4,-8.434824939306663,-6.9141502952803435,-55.0,101,102,123
64,5,-8.683629193632017,-6.9141502952803435,-10.467997023365006,136,135,159
64,6,-11.61339407575271,-15.848507336610563,-42.88326310913597,162,183,207
65,1,-8.265511440596535,-8.161852192338433,-6.9141502952803435,0,0,0
65,2,-3.140185789937002,-0.8,-39.46961313959834,47,45,48
65,3,-14.720658846878436,-20.326529287084,-6.9141502952803435,76,72,105
65,4,-5.139289710204202,-4.961797042613721,-0.8,104,102,135
65,5,-25.227767594505178,-46.592153016123966,-1.3159509947289614,140,132,183
65,6,-8.848093793398592,-8.86775489245368,-9.634709742287807,190,189,219
66,1,-20.164014621287166,-20.326529287084,-13.425746889173139,0,0,0
66,2,-14.415006335876354,-2.3518758972837563,-46.592153016123966,25,27,24
66,3,-10.862655346875147,-3.0164023204439605,-0.8,54,84,51
66,4,-7.619715020104151,-13.425746889173139,-1.553422626446251,91,141,84
66,5,-17.23353140179851,-30.774287365112826,-7.512141688339704,143,174,141
66,6,-32.72214740027297,-55.0,-55.0,174,210,195
67,1,-18.07499408444378,-15.848507336610563,-28.32455202526461,0,0,0
67,2,-5.871424627845313,-5.390933205247584,-11.373353698474634,32,33,30
67,3,-4.110922468335696,-3.868691783137035,-11.373353698474634,92,90,87
67,4,-23.25838753563343,-23.99457931044167,-0.8,140,141,117
67,5,-27.61307113325263,-28.32455202526461,-14.586913589671289,170,171,174
67,6,-13.003555952951729,-14.586913589671289,-4.961797042613721,202,204,204
68,1,-7.007394789162258,-5.857184518803278,-4.203287400807451,0,0,0
68,2,-21.464442089704132,-20.326529287084,-22.084531217233312,33,33,33
68,3,-24.49419111060154,-22.084531217233312,-18.708470141140005,72,72,72
68,4,-18.36934900381851,-18.708470141140005,-0.8,157,99,102
68,5,-24.113210498890197,-6.363761000398675,-3.2772850824025843,184,156,159
68,6,-11.767794117842133,-8.86775489245368,-1.3159509947289614,211,210,207
69,1,-23.299801041447413,-20.326529287084,-55.0,0,0,0
69,2,-21.706119301964037,-18.708470141140005,-5.390933205247584,36,36,21
69,3,-33.590107814559126,-30.774287365112826,-26.06982374322739,69,69,69
69,4,-28.42857725018691,-28.32455202526461,-26.06982374322739,95,96,93
69,5,-3.05817008046637,-30.774287365112826,-0.8,121,126,141
69,6,-4.403862189346374,-3.868691783137035,-0.8,161,183,198
70,1,-2.2998583993293416,-0.8,-0.8,0,0,0
70,2,-2.954669223613771,-1.9923447578396105,-7.512141688339704,28,27,36
70,3,-6.372360719613203,-5.857184518803278,-0.8,58,60,81
70,4,-3.511728390758005,-0.8,-0.8,117,117,111
70,5,-2.6568744426712074,-2.3518758972837563,-0.8,146,144,144
70,6,-7.628149651268587,-7.512141688339704,-3.560731086348484,186,186,189
71,1,-26.55147189643833,-26.06982374322739,-30.774287365112826,0,0,0
71,2,-5.5196689351047,-5.390933205247584,-55.0,37,39,33
71,3,-33.96593334789019,-39.46961313959834,-20.326529287084,84,84,75
71,4,-16.690692044689992,-15.848507336610563,-8.86775489245368,113,114,117
71,5,-14.037417041153327,-12.357012909144409,-6.9141502952803435,165,165,153
71,6,-31.74890110483759,-28.32455202526461,-28.32455202526461,214,213,210
72,1,-3.9074328457656406,-2.3518758972837563,-0.8,0,0,0
72,2,-5.86023352888528,-11.373353698474634,-15.848507336610563,46,48,21
72,3,-2.1162222357838822,-13.425746889173139,-0.8,71,69,66
72,4,-4.360883473304208,-3.868691783137035,-1.553422626446251,106,108,105
72,5,-12.573524506266878,-13.425746889173139,-0.8,157,159,150
72,6,-17.461586986743296,-15.848507336610563,-5.390933205247584,203,204,192
73,1,-9.967376934578263,-9.634709742287807,-2.5552850631330246,0,0,0
73,2,-15.290972542696665,-12.357012909144409,-0.8,29,30,27
73,3,-3.2291900526576156,-3.2772850824025843,-18.708470141140005,63,63,60
73,4,-6.9981490586137545,-5.857184518803278,-0.8,105,105,99
73,5,-2.512030053974667,-2.5552850631330246,-26.06982374322739,144,144,147
73,6,-19.10919498338377,-9.634709742287807,-55.0,212,198,198
74,1,-9.228377197811088,-8.86775489245368,-23.99457931044167,0,0,0
74,2,-12.360339591535912,-5.857184518803278,-0.8,32,30,33
74,3,-24.04411662905682,-23.99457931044167,-14.586913589671289,58,60,63
74,4,-5.422206892866009,-0.8,-0.8,137,117,120
74,5,-7.101002596627873,-6.9141502952803435,-13.425746889173139,176,174,174
74,6,-10.5667351598166,-10.467997023365006,-0.8,214,213,219
75,1,-4.388750005443761,-2.3518758972837563,-0.8,0,0,0
75,2,-14.912593760365745,-14.586913589671289,-11.373353698474634,26,27,27
75,3,-14.242369612629568,-15.848507336610563,-0.8,79,81,81
75,4,-13.432364461103415,-12.357012909144409,-23.99457931044167,107,108,111
75,5,-4.152181760438163,-3.560731086348484,-4.203287400807451,132,132,132
75,6,-2.200468050840307,-4.566821541792708,-1.553422626446251,162,189,189
76,1,-11.09944401042253,-10.467997023365006,-36.32770102930122,0,0,0
76,2,-14.201359241386033,-0.8,-55.0,62,57,27
76,3,-7.81475702095284,-3.0164023204439605,-0.8,100,81,63
76,4,-10.447368929744092,-4.203287400807451,-0.8,141,138,84
76,5,-5.063038895939077,-7.512141688339704,-33.435895543406936,168,168,141
76,6,-10.84793757840066,-8.86775489245368,-0.8,210,210,192
77,1,-11.63283662884715,-10.467997023365006,-18.708470141140005,0,0,0
77,2,-26.95387019144229,-17.219213869646232,-8.86775489245368,26,24,30
77,3,-5.061220393718088,-4.566821541792708,-15.848507336610563,51,66,87
77,4,-12.021841714560223,-10.467997023365006,-5.857184518803278,125,123,117
77,5,-9.040586509761987,-9.634709742287807,-55.0,166,165,168
77,6,-2.53203939630165,-3.560731086348484,-0.8,209,210,192
78,1,-2.299975577467422,-4.566821541792708,-20.326529287084,0,0,0
78,2,-3.7417065779782783,-10.467997023365006,-55.0,56,57,57
78,3,-2.6375263793958768,-0.8,-1.9923447578396105,81,81,87
78,4,-27.27203709747861,-26.06982374322739,-26.06982374322739,116,117,117
78,5,-2.569930561013821,-33.435895543406936,-10.467997023365006,178,147,162
78,6,-5.537024755561984,-55.0,-55.0,207,195,213
79,1,-17.434375470843364,-15.848507336610563,-10.467997023365006,0,0,0
79,2,-19.892012980260493,-18.708470141140005,-55.0,44,45,48
79,3,-6.702835552275643,-5.857184518803278,-0.8,76,78,69
79,4,-31.371224872650494,-28.32455202526461,-42.88326310913597,110,111,111
79,5,-4.8711211538580885,-3.868691783137035,-0.8,138,141,168
79,6,-3.059513909132044,-2.7762866915774826,-1.3159509947289614,193,195,192
80,1,-3.3634300215279147,-4.961797042613721,-4.961797042613721,0,0,0
80,2,-26.29597066001302,-26.06982374322739,-22.084531217233312,46,48,48
80,3,-6.57934197415998,-4.203287400807451,-0.8,107,105,105
80,4,-11.500030008671658,-10.467997023365006,-9.634709742287807,132,132,132
80,5,-5.739499524801357,-5.390933205247584,-1.9923447578396105,168,168,168
80,6,-24.650804993246812,-18.708470141140005,-15.848507336610563,214,213,213
81,1,-2.6115786238877394,-7.512141688339704,-55.0,0,0,0
81,2,-25.521181451061864,-23.99457931044167,-17.219213869646232,45,45,45
81,3,-17.808343866748235,-18.708470141140005,-22.084531217233312,81,81,84
81,4,-6.595455252901578,-6.363761000398675,-55.0,106,120,141
81,5,-8.364441733385329,-13.425746889173139,-14.586913589671289,167,168,186
81,6,-7.019184747864233,-0.8,-55.0,201,210,216
82,1,-10.36891624095218,-7.512141688339704,-6.363761000398675,0,0,0
82,2,-7.238337298418884,-55.0,-0.8,26,24,36
82,3,-29.29406747923697,-28.32455202526461,-30.774287365112826,60,60,60
82,4,-23.16631898966771,-22.084531217233312,-6.363761000398675,114,114,117
82,5,-12.70926360755905,-12.357012909144409,-6.363761000398675,153,153,159
82,6,-2.8976197377019033,-0.8,-33.435895543406936,214,210,216
83,1,-13.752422757387755,-12.357012909144409,-17.219213869646232,0,0,0
83,2,-16.085703372611743,-15.848507336610563,-17.219213869646232,35,36,36
83,3,-3.1652206168705526,-0.8,-55.0,76,75,81
83,4,-20.346132024202873,-20.326529287084,-20.326529287084,103,105,102
83,5,-3.7680698151808016,-2.7762866915774826,-17.219213869646232,137,138,135
83,6,-3.9213916351217972,-4.566821541792708,-0.8,186,186,183
84,1,-28.59578465555924,-26.06982374322739,-0.8,0,0,0
84,2,-2.343518029351127,-55.0,-13.425746889173139,65,42,27
84,3,-2.8350820019155463,-7.512141688339704,-10.467997023365006,103,66,69
84,4,-3.345538632933448,-0.8,-23.99457931044167,128,120,126
84,5,-7.644292778729191,-0.8,-55.0,179,177,183
84,6,-32.41172286883953,-30.774287365112826,-36.32770102930122,205,207,207
85,1,-18.987711018077395,-18.708470141140005,-17.219213869646232,0,0,0
85,2,-14.530813935821355,-14.586913589671289,-12.357012909144409,29,30,30
85,3,-3.7058969968242206,-42.88326310913597,-4.203287400807451,75,78,69
85,4,-14.96932757503264,-15.848507336610563,-14.586913589671289,102,105,105
85,5,-22.45056962036441,-22.084531217233312,-22.084531217233312,161,162,162
85,6,-3.058299860135265,-2.7762866915774826,-12.357012909144409,195,198,201
86,1,-4.687185445384531,-2.7762866915774826,-6.363761000398675,0,0,0
86,2,-18.406779744747375,-17.219213869646232,-15.848507336610563,46,45,45
86,3,-16.94291820077302,-17.219213869646232,-10.467997023365006,82,84,66
86,4,-7.191082441610383,-8.161852192338433,-5.857184518803278,121,123,117
86,5,-18.98094347475212,-17.219213869646232,-17.219213869646232,165,165,165
86,6,-4.123431016633054,-11.373353698474634,-0.8,191,192,204
87,1,-7.4883816551402305,-2.3518758972837563,-2.3518758972837563,0,0,0
87,2,-5.334548313060875,-28.32455202526461,-0.8,28,54,45
87,3,-10.21442181503404,-18.708470141140005,-15.848507336610563,55,99,99
87,4,-18.663028749837515,-28.32455202526461,-15.848507336610563,98,132,135
87,5,-28.89472227413196,-30.774287365112826,-26.06982374322739,132,162,162
87,6,-32.34898821003648,-55.0,-55.0,162,189,195
88,1,-2.8198688435635644,-1.553422626446251,-0.8,0,0,0
88,2,-11.972949692048923,-14.586913589671289,-0.8,47,48,51
88,3,-8.196774480539391,-17.219213869646232,-0.8,74,75,75
88,4,-3.5112759953695996,-0.8,-1.1147816383296778,103,123,105
88,5,-3.490916544131974,-3.2772850824025843,-0.8,130,153,150
88,6,-26.481002551056,-26.06982374322739,-20.326529287084,211,210,207
89,1,-15.666107324501409,-14.586913589671289,-26.06982374322739,0,0,0
89,2,-19.43751529252471,-20.326529287084,-10.467997023365006,31,30,24
89,3,-5.4292696287052795,-4.203287400807451,-5.857184518803278,79,78,78
89,4,-9.580841761138323,-6.9141502952803435,-0.8,121,120,126
89,5,-3.724467366273754,-4.203287400807451,-0.8,148,153,180
89,6,-2.7115196775869355,-55.0,-50.621817587743905,215,204,219
90,1,-7.4863993765978885,-7.512141688339704,-3.560731086348484,0,0,0
90,2,-3.1920151674185875,-2.7762866915774826,-7.512141688339704,46,45,42
90,3,-4.4766899784896905,-4.566821541792708,-5.857184518803278,79,78,78
90,4,-5.945497437968865,-3.560731086348484,-55.0,132,132,135
90,5,-2.951894947772477,-1.2111969310832655,-0.8,166,168,162
90,6,-7.464194939171547,-7.512141688339704,-11.373353698474634,199,201,204
91,1,-3.6820999874968634,-2.5552850631330246,-0.8,0,0,0
91,2,-15.629233486364287,-14.586913589671289,-14.586913589671289,30,30,30
91,3,-6.6919565413417725,-8.161852192338433,-8.161852192338433,66,66,69
91,4,-2.8042738128059503,-0.8,-33.435895543406936,108,108,99
91,5,-7.674308927023044,-7.512141688339704,-3.868691783137035,142,141,135
91,6,-2.1113651440961565,-0.8,-2.7762866915774826,208,198,189
92,1,-3.0215390227125485,-0.8,-0.8,0,0,0
92,2,-4.987402220729552,-3.2772850824025843,-0.8,60,24,42
92,3,-2.8090018885851267,-5.390933205247584,-30.774287365112826,94,60,72
92,4,-2.6646831494670313,-2.3518758972837563,-33.435895543406936,128,96,114
92,5,-4.153723834782237,-4.566821541792708,-50.621817587743905,154,153,156
92,6,-6.291246588405219,-7.512141688339704,-6.363761000398675,209,210,198
93,1,-3.031175001978331,-3.2772850824025843,-17.219213869646232,0,0,0
93,2,-21.106583640090054,-22.084531217233312,-55.0,55,57,27
93,3,-4.305350895790001,-0.8,-6.363761000398675,88,90,72
93,4,-26.358370402194357,-26.06982374322739,-26.06982374322739,120,120,120
93,5,-4.28355907365038,-15.848507336610563,-0.8,166,168,156
93,6,-3.2536243107943967,-2.5552850631330246,-0.8,197,192,213
94,1,-5.522628358909794,-0.8,-0.8,0,0,0
94,2,-5.402788657961857,-0.8,-55.0,31,33,48
94,3,-4.749090818731392,-0.8,-12.357012909144409,58,54,87
94,4,-11.698523641778218,-11.373353698474634,-55.0,90,90,108
94,5,-14.757850561297245,-15.848507336610563,-14.586913589671289,146,147,144
94,6,-5.759319775895212,-4.203287400807451,-0.8,177,186,192
95,1,-6.377481733474017,-5.857184518803278,-55.0,0,0,0
95,2,-3.689351542767803,-7.512141688339704,-55.0,28,30,33
95,3,-6.139262552505663,-3.2772850824025843,-6.9141502952803435,57,66,54
95,4,-14.9240246834905,-12.357012909144409,-20.326529287084,117,117,111
95,5,-32.57168436313178,-30.774287365112826,-28.32455202526461,149,150,147
95,6,-2.3794139547813966,-0.8,-55.0,199,204,186
96,1,-27.092191038981785,-22.084531217233312,-10.467997023365006,0,0,0
96,2,-12.940591767887689,-13.425746889173139,-11.373353698474634,35,36,36
96,3,-6.786676724208536,-3.868691783137035,-0.8,76,75,81
96,4,-3.851978526796443,-4.566821541792708,-8.86775489245368,109,111,111
96,5,-2.9476869116291224,-4.566821541792708,-10.467997023365006,147,153,144
96,6,-12.707174599459982,-11.373353698474634,-0.8,196,195,198
97,1,-15.893277197544451,-14.586913589671289,-17.219213869646232,0,0,0
97,2,-3.9708830923556078,-5.857184518803278,-0.8,29,30,27
97,3,-13.439377118647856,-11.373353698474634,-4.961797042613721,59,60,60
97,4,-19.118168328645115,-18.708470141140005,-18.708470141140005,84,84,87
97,5,-15.397906157319559,-17.219213869646232,-22.084531217233312,137,138,138
97,6,-4.3124972526028245,-5.390933205247584,-11.373353698474634,176,183,183
98,1,-4.364254112630151,-3.0164023204439605,-0.8,0,0,0
98,2,-2.1019429720390455,-2.7762866915774826,-1.1147816383296778,38,39,54
98,3,-2.2111732600501983,-0.8,-55.0,96,96,108
98,4,-32.71787148294455,-33.435895543406936,-30.774287365112826,139,141,147
98,5,-2.466690819320267,-0.8,-0.8,173,177,180
98,6,-20.7428687605957,-23.99457931044167,-0.8,207,210,219
99,1,-33.79736572724019,-33.435895543406936,-33.435895543406936,0,0,0
99,2,-3.434723546551881,-0.8,-55.0,47,45,57
99,3,-5.6568801368036805,-3.2772850824025843,-1.6877751239661007,83,84,81
99,4,-23.566983508811575,-23.99457931044167,-22.084531217233312,113,114,114
99,5,-4.783935725332543,-0.8,-0.8,150,153,171
99,6,-25.33736983862507,-23.99457931044167,-17.219213869646232,212,210,204
