index,time_s,channel,value
0,0.00000000,CH1,0.247118
1,0.00005000,CH1,0.864576
2,0.00010000,CH1,1.423344
3,0.00015000,CH1,1.882074
4,0.00020000,CH1,2.149561
5,0.00025000,CH1,2.220053
6,0.00030000,CH1,2.158759
7,0.00035000,CH1,1.862687
8,0.00040000,CH1,1.421231
9,0.00045000,CH1,0.870352
10,0.00050000,CH1,0.254646
11,0.00055000,CH1,-0.344763
12,0.00060000,CH1,-0.912438
13,0.00065000,CH1,-1.365824
14,0.00070000,CH1,-1.666879
15,0.00075000,CH1,-1.770293
16,0.00080000,CH1,-1.647186
17,0.00085000,CH1,-1.341812
18,0.00090000,CH1,-0.924737
19,0.00095000,CH1,-0.370160
20,0.00100000,CH1,0.260636
21,0.00105000,CH1,0.838963
22,0.00110000,CH1,1.419325
23,0.00115000,CH1,1.877841
24,0.00120000,CH1,2.169581
25,0.00125000,CH1,2.245187
26,0.00130000,CH1,2.159645
27,0.00135000,CH1,1.872998
28,0.00140000,CH1,1.441217
29,0.00145000,CH1,0.845770
30,0.00150000,CH1,0.261365
31,0.00155000,CH1,-0.398324
32,0.00160000,CH1,-0.977969
33,0.00165000,CH1,-1.380172
34,0.00170000,CH1,-1.670429
35,0.00175000,CH1,-1.732480
36,0.00180000,CH1,-1.638828
37,0.00185000,CH1,-1.392415
38,0.00190000,CH1,-0.908623
39,0.00195000,CH1,-0.388078
40,0.00200000,CH1,0.248275
41,0.00205000,CH1,0.862156
42,0.00210000,CH1,1.427859
43,0.00215000,CH1,1.884407
44,0.00220000,CH1,2.164881
45,0.00225000,CH1,2.256998
46,0.00230000,CH1,2.165112
47,0.00235000,CH1,1.877604
48,0.00240000,CH1,1.413031
49,0.00245000,CH1,0.853687
50,0.00250000,CH1,0.240601
51,0.00255000,CH1,-0.358047
52,0.00260000,CH1,-0.930573
53,0.00265000,CH1,-1.321319
54,0.00270000,CH1,-1.668499
55,0.00275000,CH1,-1.771977
56,0.00280000,CH1,-1.636744
57,0.00285000,CH1,-1.339597
58,0.00290000,CH1,-0.915457
59,0.00295000,CH1,-0.351318
60,0.00300000,CH1,0.278527
61,0.00305000,CH1,0.866153
62,0.00310000,CH1,1.397111
63,0.00315000,CH1,1.857392
64,0.00320000,CH1,2.171171
65,0.00325000,CH1,2.221126
66,0.00330000,CH1,2.152784
67,0.00335000,CH1,1.873099
68,0.00340000,CH1,1.419259
69,0.00345000,CH1,0.882507
70,0.00350000,CH1,0.261616
71,0.00355000,CH1,-0.321606
72,0.00360000,CH1,-0.913171
73,0.00365000,CH1,-1.380222
74,0.00370000,CH1,-1.663349
75,0.00375000,CH1,-1.766632
76,0.00380000,CH1,-1.633068
77,0.00385000,CH1,-1.379371
78,0.00390000,CH1,-0.926976
79,0.00395000,CH1,-0.353048
80,0.00400000,CH1,0.235531
81,0.00405000,CH1,0.862161
82,0.00410000,CH1,1.388745
83,0.00415000,CH1,1.846384
84,0.00420000,CH1,2.140758
85,0.00425000,CH1,2.258315
86,0.00430000,CH1,2.175983
87,0.00435000,CH1,1.867665
88,0.00440000,CH1,1.430798
89,0.00445000,CH1,0.871393
90,0.00450000,CH1,0.271695
91,0.00455000,CH1,-0.350167
92,0.00460000,CH1,-0.920097
93,0.00465000,CH1,-1.388253
94,0.00470000,CH1,-1.634045
95,0.00475000,CH1,-1.742379
96,0.00480000,CH1,-1.627574
97,0.00485000,CH1,-1.368632
98,0.00490000,CH1,-0.886508
99,0.00495000,CH1,-0.375212
100,0.00500000,CH1,0.281861
101,0.00505000,CH1,0.870336
102,0.00510000,CH1,1.415245
103,0.00515000,CH1,1.845465
104,0.00520000,CH1,2.149092
105,0.00525000,CH1,2.278466
106,0.00530000,CH1,2.168441
107,0.00535000,CH1,1.881812
108,0.00540000,CH1,1.378053
109,0.00545000,CH1,0.882253
110,0.00550000,CH1,0.261117
111,0.00555000,CH1,-0.379033
112,0.00560000,CH1,-0.938118
113,0.00565000,CH1,-1.368080
114,0.00570000,CH1,-1.617616
115,0.00575000,CH1,-1.771102
116,0.00580000,CH1,-1.660669
117,0.00585000,CH1,-1.340798
118,0.00590000,CH1,-0.934494
119,0.00595000,CH1,-0.375319
120,0.00600000,CH1,0.251956
121,0.00605000,CH1,0.843208
122,0.00610000,CH1,1.429969
123,0.00615000,CH1,1.843842
124,0.00620000,CH1,2.169817
125,0.00625000,CH1,2.250064
126,0.00630000,CH1,2.197782
127,0.00635000,CH1,1.873651
128,0.00640000,CH1,1.452884
129,0.00645000,CH1,0.841969
130,0.00650000,CH1,0.247557
131,0.00655000,CH1,-0.361571
132,0.00660000,CH1,-0.890656
133,0.00665000,CH1,-1.401652
134,0.00670000,CH1,-1.632301
135,0.00675000,CH1,-1.738173
136,0.00680000,CH1,-1.621442
137,0.00685000,CH1,-1.353786
138,0.00690000,CH1,-0.924529
139,0.00695000,CH1,-0.378467
140,0.00700000,CH1,0.225036
141,0.00705000,CH1,0.871942
142,0.00710000,CH1,1.421737
143,0.00715000,CH1,1.908439
144,0.00720000,CH1,2.139893
145,0.00725000,CH1,2.256408
146,0.00730000,CH1,2.120733
147,0.00735000,CH1,1.860125
148,0.00740000,CH1,1.430793
149,0.00745000,CH1,0.884513
150,0.00750000,CH1,0.278962
151,0.00755000,CH1,-0.368917
152,0.00760000,CH1,-0.947915
153,0.00765000,CH1,-1.358877
154,0.00770000,CH1,-1.641773
155,0.00775000,CH1,-1.740167
156,0.00780000,CH1,-1.666119
157,0.00785000,CH1,-1.345366
158,0.00790000,CH1,-0.923813
159,0.00795000,CH1,-0.354037
160,0.00800000,CH1,0.275481
161,0.00805000,CH1,0.880219
162,0.00810000,CH1,1.431301
163,0.00815000,CH1,1.911090
164,0.00820000,CH1,2.156987
165,0.00825000,CH1,2.244081
166,0.00830000,CH1,2.154352
167,0.00835000,CH1,1.897689
168,0.00840000,CH1,1.427945
169,0.00845000,CH1,0.878422
170,0.00850000,CH1,0.273915
171,0.00855000,CH1,-0.378291
172,0.00860000,CH1,-0.960102
173,0.00865000,CH1,-1.362046
174,0.00870000,CH1,-1.647518
175,0.00875000,CH1,-1.762160
176,0.00880000,CH1,-1.634691
177,0.00885000,CH1,-1.355883
178,0.00890000,CH1,-0.945470
179,0.00895000,CH1,-0.357670
180,0.00900000,CH1,0.246078
181,0.00905000,CH1,0.838373
182,0.00910000,CH1,1.434630
183,0.00915000,CH1,1.867130
184,0.00920000,CH1,2.137207
185,0.00925000,CH1,2.260459
186,0.00930000,CH1,2.161875
187,0.00935000,CH1,1.856483
188,0.00940000,CH1,1.433578
189,0.00945000,CH1,0.888335
190,0.00950000,CH1,0.235747
191,0.00955000,CH1,-0.360416
192,0.00960000,CH1,-0.925515
193,0.00965000,CH1,-1.322714
194,0.00970000,CH1,-1.689359
195,0.00975000,CH1,-1.736094
196,0.00980000,CH1,-1.658238
197,0.00985000,CH1,-1.370038
198,0.00990000,CH1,-0.887539
199,0.00995000,CH1,-0.368205
200,0.01000000,CH1,0.294819
201,0.01005000,CH1,0.859191
202,0.01010000,CH1,1.432581
203,0.01015000,CH1,1.858217
204,0.01020000,CH1,2.138299
205,0.01025000,CH1,2.251250
206,0.01030000,CH1,2.146462
207,0.01035000,CH1,1.872084
208,0.01040000,CH1,1.383470
209,0.01045000,CH1,0.908083
210,0.01050000,CH1,0.246660
211,0.01055000,CH1,-0.333176
212,0.01060000,CH1,-0.945713
213,0.01065000,CH1,-1.362183
214,0.01070000,CH1,-1.588814
215,0.01075000,CH1,-1.767395
216,0.01080000,CH1,-1.682019
217,0.01085000,CH1,-1.378964
218,0.01090000,CH1,-0.916121
219,0.01095000,CH1,-0.354167
220,0.01100000,CH1,0.275807
221,0.01105000,CH1,0.862894
222,0.01110000,CH1,1.393525
223,0.01115000,CH1,1.859333
224,0.01120000,CH1,2.176917
225,0.01125000,CH1,2.259313
226,0.01130000,CH1,2.112974
227,0.01135000,CH1,1.867333
228,0.01140000,CH1,1.453534
229,0.01145000,CH1,0.910565
230,0.01150000,CH1,0.261234
231,0.01155000,CH1,-0.361848
232,0.01160000,CH1,-0.950375
233,0.01165000,CH1,-1.384899
234,0.01170000,CH1,-1.651175
235,0.01175000,CH1,-1.739936
236,0.01180000,CH1,-1.640509
237,0.01185000,CH1,-1.377598
238,0.01190000,CH1,-0.948609
239,0.01195000,CH1,-0.383590
240,0.01200000,CH1,0.226861
241,0.01205000,CH1,0.880902
242,0.01210000,CH1,1.379325
243,0.01215000,CH1,1.861368
244,0.01220000,CH1,2.161111
245,0.01225000,CH1,2.280440
246,0.01230000,CH1,2.153539
247,0.01235000,CH1,1.888060
248,0.01240000,CH1,1.417590
249,0.01245000,CH1,0.853146
250,0.01250000,CH1,0.236512
251,0.01255000,CH1,-0.337487
252,0.01260000,CH1,-0.905686
253,0.01265000,CH1,-1.358286
254,0.01270000,CH1,-1.585508
255,0.01275000,CH1,-1.750647
256,0.01280000,CH1,-1.639706
257,0.01285000,CH1,-1.361882
258,0.01290000,CH1,-0.930008
259,0.01295000,CH1,-0.321711
260,0.01300000,CH1,0.280132
261,0.01305000,CH1,0.840044
262,0.01310000,CH1,1.417574
263,0.01315000,CH1,1.876601
264,0.01320000,CH1,2.167777
265,0.01325000,CH1,2.223031
266,0.01330000,CH1,2.107002
267,0.01335000,CH1,1.829907
268,0.01340000,CH1,1.424148
269,0.01345000,CH1,0.865970
270,0.01350000,CH1,0.256904
271,0.01355000,CH1,-0.383427
272,0.01360000,CH1,-0.950055
273,0.01365000,CH1,-1.408495
274,0.01370000,CH1,-1.645529
275,0.01375000,CH1,-1.742599
276,0.01380000,CH1,-1.632253
277,0.01385000,CH1,-1.352218
278,0.01390000,CH1,-0.929385
279,0.01395000,CH1,-0.341049
280,0.01400000,CH1,0.247273
281,0.01405000,CH1,0.854817
282,0.01410000,CH1,1.415159
283,0.01415000,CH1,1.856338
284,0.01420000,CH1,2.108798
285,0.01425000,CH1,2.253127
286,0.01430000,CH1,2.157111
287,0.01435000,CH1,1.860789
288,0.01440000,CH1,1.411294
289,0.01445000,CH1,0.875470
290,0.01450000,CH1,0.284337
291,0.01455000,CH1,-0.367269
292,0.01460000,CH1,-0.935723
293,0.01465000,CH1,-1.379863
294,0.01470000,CH1,-1.653508
295,0.01475000,CH1,-1.775295
296,0.01480000,CH1,-1.654618
297,0.01485000,CH1,-1.366810
298,0.01490000,CH1,-0.888677
299,0.01495000,CH1,-0.349165
300,0.01500000,CH1,0.270681
301,0.01505000,CH1,0.853775
302,0.01510000,CH1,1.438969
303,0.01515000,CH1,1.845246
304,0.01520000,CH1,2.158352
305,0.01525000,CH1,2.258375
306,0.01530000,CH1,2.136785
307,0.01535000,CH1,1.908022
308,0.01540000,CH1,1.436918
309,0.01545000,CH1,0.829979
310,0.01550000,CH1,0.261057
311,0.01555000,CH1,-0.376182
312,0.01560000,CH1,-0.925543
313,0.01565000,CH1,-1.358719
314,0.01570000,CH1,-1.644302
315,0.01575000,CH1,-1.790783
316,0.01580000,CH1,-1.675279
317,0.01585000,CH1,-1.352582
318,0.01590000,CH1,-0.899546
319,0.01595000,CH1,-0.329971
320,0.01600000,CH1,0.286063
321,0.01605000,CH1,0.826923
322,0.01610000,CH1,1.440960
323,0.01615000,CH1,1.829708
324,0.01620000,CH1,2.184385
325,0.01625000,CH1,2.255067
326,0.01630000,CH1,2.129290
327,0.01635000,CH1,1.908232
328,0.01640000,CH1,1.438450
329,0.01645000,CH1,0.830211
330,0.01650000,CH1,0.255869
331,0.01655000,CH1,-0.382657
332,0.01660000,CH1,-0.923345
333,0.01665000,CH1,-1.377338
334,0.01670000,CH1,-1.624643
335,0.01675000,CH1,-1.778466
336,0.01680000,CH1,-1.645765
337,0.01685000,CH1,-1.331750
338,0.01690000,CH1,-0.942110
339,0.01695000,CH1,-0.363821
340,0.01700000,CH1,0.254040
341,0.01705000,CH1,0.854240
342,0.01710000,CH1,1.438528
343,0.01715000,CH1,1.869975
344,0.01720000,CH1,2.133238
345,0.01725000,CH1,2.285240
346,0.01730000,CH1,2.167945
347,0.01735000,CH1,1.864692
348,0.01740000,CH1,1.412837
349,0.01745000,CH1,0.852347
350,0.01750000,CH1,0.274619
351,0.01755000,CH1,-0.370964
352,0.01760000,CH1,-0.916382
353,0.01765000,CH1,-1.371723
354,0.01770000,CH1,-1.639785
355,0.01775000,CH1,-1.752320
356,0.01780000,CH1,-1.636836
357,0.01785000,CH1,-1.371698
358,0.01790000,CH1,-0.908979
359,0.01795000,CH1,-0.354586
360,0.01800000,CH1,0.247668
361,0.01805000,CH1,0.850838
362,0.01810000,CH1,1.406768
363,0.01815000,CH1,1.853219
364,0.01820000,CH1,2.132423
365,0.01825000,CH1,2.267316
366,0.01830000,CH1,2.151181
367,0.01835000,CH1,1.899436
368,0.01840000,CH1,1.471157
369,0.01845000,CH1,0.868518
370,0.01850000,CH1,0.219040
371,0.01855000,CH1,-0.375663
372,0.01860000,CH1,-0.927077
373,0.01865000,CH1,-1.397803
374,0.01870000,CH1,-1.657123
375,0.01875000,CH1,-1.744261
376,0.01880000,CH1,-1.661302
377,0.01885000,CH1,-1.383403
378,0.01890000,CH1,-0.940746
379,0.01895000,CH1,-0.332300
380,0.01900000,CH1,0.246807
381,0.01905000,CH1,0.851435
382,0.01910000,CH1,1.418113
383,0.01915000,CH1,1.887121
384,0.01920000,CH1,2.138419
385,0.01925000,CH1,2.259637
386,0.01930000,CH1,2.166671
387,0.01935000,CH1,1.883016
388,0.01940000,CH1,1.453564
389,0.01945000,CH1,0.857024
390,0.01950000,CH1,0.272655
391,0.01955000,CH1,-0.383891
392,0.01960000,CH1,-0.933501
393,0.01965000,CH1,-1.344112
394,0.01970000,CH1,-1.635666
395,0.01975000,CH1,-1.749958
396,0.01980000,CH1,-1.675941
397,0.01985000,CH1,-1.356801
398,0.01990000,CH1,-0.938178
399,0.01995000,CH1,-0.386512
400,0.02000000,CH1,0.237037
401,0.02005000,CH1,0.872964
402,0.02010000,CH1,1.383150
403,0.02015000,CH1,1.875249
404,0.02020000,CH1,2.155591
405,0.02025000,CH1,2.238309
406,0.02030000,CH1,2.172852
407,0.02035000,CH1,1.880263
408,0.02040000,CH1,1.413445
409,0.02045000,CH1,0.854634
410,0.02050000,CH1,0.263903
411,0.02055000,CH1,-0.398355
412,0.02060000,CH1,-0.932223
413,0.02065000,CH1,-1.380655
414,0.02070000,CH1,-1.650715
415,0.02075000,CH1,-1.745777
416,0.02080000,CH1,-1.651377
417,0.02085000,CH1,-1.345337
418,0.02090000,CH1,-0.921009
419,0.02095000,CH1,-0.374334
420,0.02100000,CH1,0.225783
421,0.02105000,CH1,0.882471
422,0.02110000,CH1,1.436133
423,0.02115000,CH1,1.897050
424,0.02120000,CH1,2.137164
425,0.02125000,CH1,2.250528
426,0.02130000,CH1,2.150939
427,0.02135000,CH1,1.866282
428,0.02140000,CH1,1.425778
429,0.02145000,CH1,0.833743
430,0.02150000,CH1,0.266500
431,0.02155000,CH1,-0.354970
432,0.02160000,CH1,-0.902961
433,0.02165000,CH1,-1.323043
434,0.02170000,CH1,-1.658492
435,0.02175000,CH1,-1.750723
436,0.02180000,CH1,-1.651917
437,0.02185000,CH1,-1.329190
438,0.02190000,CH1,-0.960195
439,0.02195000,CH1,-0.358319
440,0.02200000,CH1,0.220583
441,0.02205000,CH1,0.816403
442,0.02210000,CH1,1.385154
443,0.02215000,CH1,1.840399
444,0.02220000,CH1,2.173494
445,0.02225000,CH1,2.232633
446,0.02230000,CH1,2.147564
447,0.02235000,CH1,1.844764
448,0.02240000,CH1,1.437790
449,0.02245000,CH1,0.845995
450,0.02250000,CH1,0.276353
451,0.02255000,CH1,-0.387896
452,0.02260000,CH1,-0.940867
453,0.02265000,CH1,-1.365579
454,0.02270000,CH1,-1.651619
455,0.02275000,CH1,-1.721506
456,0.02280000,CH1,-1.649705
457,0.02285000,CH1,-1.392191
458,0.02290000,CH1,-0.936777
459,0.02295000,CH1,-0.379490
460,0.02300000,CH1,0.264501
461,0.02305000,CH1,0.875710
462,0.02310000,CH1,1.423183
463,0.02315000,CH1,1.885426
464,0.02320000,CH1,2.141543
465,0.02325000,CH1,2.247275
466,0.02330000,CH1,2.155728
467,0.02335000,CH1,1.898598
468,0.02340000,CH1,1.423600
469,0.02345000,CH1,0.861018
470,0.02350000,CH1,0.229083
471,0.02355000,CH1,-0.354313
472,0.02360000,CH1,-0.937323
473,0.02365000,CH1,-1.361160
474,0.02370000,CH1,-1.690145
475,0.02375000,CH1,-1.729136
476,0.02380000,CH1,-1.678752
477,0.02385000,CH1,-1.383581
478,0.02390000,CH1,-0.904399
479,0.02395000,CH1,-0.394723
480,0.02400000,CH1,0.248411
481,0.02405000,CH1,0.869519
482,0.02410000,CH1,1.405599
483,0.02415000,CH1,1.894893
484,0.02420000,CH1,2.182089
485,0.02425000,CH1,2.210568
486,0.02430000,CH1,2.123133
487,0.02435000,CH1,1.884199
488,0.02440000,CH1,1.399510
489,0.02445000,CH1,0.860261
490,0.02450000,CH1,0.252591
491,0.02455000,CH1,-0.354197
492,0.02460000,CH1,-0.930036
493,0.02465000,CH1,-1.366130
494,0.02470000,CH1,-1.667648
495,0.02475000,CH1,-1.724153
496,0.02480000,CH1,-1.662019
497,0.02485000,CH1,-1.361239
498,0.02490000,CH1,-0.935803
499,0.02495000,CH1,-0.365908
500,0.02500000,CH1,0.246637
501,0.02505000,CH1,0.864785
502,0.02510000,CH1,1.405295
503,0.02515000,CH1,1.883962
504,0.02520000,CH1,2.180394
505,0.02525000,CH1,2.254863
506,0.02530000,CH1,2.166760
507,0.02535000,CH1,1.884795
508,0.02540000,CH1,1.444130
509,0.02545000,CH1,0.874101
510,0.02550000,CH1,0.254245
511,0.02555000,CH1,-0.350754
512,0.02560000,CH1,-0.924194
513,0.02565000,CH1,-1.387512
514,0.02570000,CH1,-1.651636
515,0.02575000,CH1,-1.787768
516,0.02580000,CH1,-1.652231
517,0.02585000,CH1,-1.359767
518,0.02590000,CH1,-0.900851
519,0.02595000,CH1,-0.365008
520,0.02600000,CH1,0.268563
521,0.02605000,CH1,0.868023
522,0.02610000,CH1,1.405101
523,0.02615000,CH1,1.839806
524,0.02620000,CH1,2.132718
525,0.02625000,CH1,2.222677
526,0.02630000,CH1,2.164787
527,0.02635000,CH1,1.863882
528,0.02640000,CH1,1.436977
529,0.02645000,CH1,0.869503
530,0.02650000,CH1,0.270881
531,0.02655000,CH1,-0.346830
532,0.02660000,CH1,-0.938477
533,0.02665000,CH1,-1.373520
534,0.02670000,CH1,-1.662770
535,0.02675000,CH1,-1.782426
536,0.02680000,CH1,-1.638609
537,0.02685000,CH1,-1.344258
538,0.02690000,CH1,-0.925699
539,0.02695000,CH1,-0.377898
540,0.02700000,CH1,0.271818
541,0.02705000,CH1,0.821135
542,0.02710000,CH1,1.429120
543,0.02715000,CH1,1.870900
544,0.02720000,CH1,2.140696
545,0.02725000,CH1,2.277831
546,0.02730000,CH1,2.171528
547,0.02735000,CH1,1.862811
548,0.02740000,CH1,1.423837
549,0.02745000,CH1,0.860274
550,0.02750000,CH1,0.239758
551,0.02755000,CH1,-0.394198
552,0.02760000,CH1,-0.897972
553,0.02765000,CH1,-1.347474
554,0.02770000,CH1,-1.636150
555,0.02775000,CH1,-1.771887
556,0.02780000,CH1,-1.610496
557,0.02785000,CH1,-1.328431
558,0.02790000,CH1,-0.921809
559,0.02795000,CH1,-0.386118
560,0.02800000,CH1,0.232671
561,0.02805000,CH1,0.876405
562,0.02810000,CH1,1.407310
563,0.02815000,CH1,1.867350
564,0.02820000,CH1,2.173886
565,0.02825000,CH1,2.219864
566,0.02830000,CH1,2.192228
567,0.02835000,CH1,1.899368
568,0.02840000,CH1,1.400829
569,0.02845000,CH1,0.839761
570,0.02850000,CH1,0.244332
571,0.02855000,CH1,-0.388657
572,0.02860000,CH1,-0.930845
573,0.02865000,CH1,-1.419658
574,0.02870000,CH1,-1.656687
575,0.02875000,CH1,-1.713943
576,0.02880000,CH1,-1.674445
577,0.02885000,CH1,-1.373495
578,0.02890000,CH1,-0.955363
579,0.02895000,CH1,-0.355269
580,0.02900000,CH1,0.245494
581,0.02905000,CH1,0.906849
582,0.02910000,CH1,1.429707
583,0.02915000,CH1,1.860590
584,0.02920000,CH1,2.163118
585,0.02925000,CH1,2.239875
586,0.02930000,CH1,2.125327
587,0.02935000,CH1,1.874073
588,0.02940000,CH1,1.422073
589,0.02945000,CH1,0.871360
590,0.02950000,CH1,0.257509
591,0.02955000,CH1,-0.378240
592,0.02960000,CH1,-0.917139
593,0.02965000,CH1,-1.333280
594,0.02970000,CH1,-1.674269
595,0.02975000,CH1,-1.715251
596,0.02980000,CH1,-1.656969
597,0.02985000,CH1,-1.383367
598,0.02990000,CH1,-0.877026
599,0.02995000,CH1,-0.364934
600,0.03000000,CH1,0.277408
601,0.03005000,CH1,0.884386
602,0.03010000,CH1,1.391959
603,0.03015000,CH1,1.870450
604,0.03020000,CH1,2.141607
605,0.03025000,CH1,2.223164
606,0.03030000,CH1,2.116679
607,0.03035000,CH1,1.870080
608,0.03040000,CH1,1.437376
609,0.03045000,CH1,0.875847
610,0.03050000,CH1,0.243883
611,0.03055000,CH1,-0.384004
612,0.03060000,CH1,-0.945308
613,0.03065000,CH1,-1.379137
614,0.03070000,CH1,-1.672774
615,0.03075000,CH1,-1.754065
616,0.03080000,CH1,-1.652571
617,0.03085000,CH1,-1.385954
618,0.03090000,CH1,-0.930212
619,0.03095000,CH1,-0.383240
620,0.03100000,CH1,0.249911
621,0.03105000,CH1,0.878176
622,0.03110000,CH1,1.429133
623,0.03115000,CH1,1.877477
624,0.03120000,CH1,2.119073
625,0.03125000,CH1,2.242426
626,0.03130000,CH1,2.157648
627,0.03135000,CH1,1.880857
628,0.03140000,CH1,1.393610
629,0.03145000,CH1,0.871218
630,0.03150000,CH1,0.274128
631,0.03155000,CH1,-0.371606
632,0.03160000,CH1,-0.927466
633,0.03165000,CH1,-1.359025
634,0.03170000,CH1,-1.647171
635,0.03175000,CH1,-1.736507
636,0.03180000,CH1,-1.650665
637,0.03185000,CH1,-1.364984
638,0.03190000,CH1,-0.941219
639,0.03195000,CH1,-0.371443
640,0.03200000,CH1,0.275062
641,0.03205000,CH1,0.863951
642,0.03210000,CH1,1.422199
643,0.03215000,CH1,1.858204
644,0.03220000,CH1,2.167857
645,0.03225000,CH1,2.232906
646,0.03230000,CH1,2.170323
647,0.03235000,CH1,1.849295
648,0.03240000,CH1,1.404415
649,0.03245000,CH1,0.872153
650,0.03250000,CH1,0.252604
651,0.03255000,CH1,-0.362083
652,0.03260000,CH1,-0.904320
653,0.03265000,CH1,-1.376284
654,0.03270000,CH1,-1.643253
655,0.03275000,CH1,-1.768196
656,0.03280000,CH1,-1.626930
657,0.03285000,CH1,-1.355385
658,0.03290000,CH1,-0.914840
659,0.03295000,CH1,-0.364276
660,0.03300000,CH1,0.234288
661,0.03305000,CH1,0.861487
662,0.03310000,CH1,1.435606
663,0.03315000,CH1,1.867650
664,0.03320000,CH1,2.154588
665,0.03325000,CH1,2.222804
666,0.03330000,CH1,2.155735
667,0.03335000,CH1,1.854195
668,0.03340000,CH1,1.403904
669,0.03345000,CH1,0.864940
670,0.03350000,CH1,0.212870
671,0.03355000,CH1,-0.354063
672,0.03360000,CH1,-0.908530
673,0.03365000,CH1,-1.369103
674,0.03370000,CH1,-1.671989
675,0.03375000,CH1,-1.768907
676,0.03380000,CH1,-1.655135
677,0.03385000,CH1,-1.416509
678,0.03390000,CH1,-0.921961
679,0.03395000,CH1,-0.354745
680,0.03400000,CH1,0.243762
681,0.03405000,CH1,0.858146
682,0.03410000,CH1,1.429210
683,0.03415000,CH1,1.875047
684,0.03420000,CH1,2.173996
685,0.03425000,CH1,2.250368
686,0.03430000,CH1,2.138318
687,0.03435000,CH1,1.858809
688,0.03440000,CH1,1.429209
689,0.03445000,CH1,0.899158
690,0.03450000,CH1,0.243595
691,0.03455000,CH1,-0.389085
692,0.03460000,CH1,-0.942973
693,0.03465000,CH1,-1.409961
694,0.03470000,CH1,-1.645517
695,0.03475000,CH1,-1.777226
696,0.03480000,CH1,-1.676783
697,0.03485000,CH1,-1.407554
698,0.03490000,CH1,-0.947930
699,0.03495000,CH1,-0.356666
700,0.03500000,CH1,0.223773
701,0.03505000,CH1,0.833041
702,0.03510000,CH1,1.429136
703,0.03515000,CH1,1.861211
704,0.03520000,CH1,2.160757
705,0.03525000,CH1,2.264811
706,0.03530000,CH1,2.151943
707,0.03535000,CH1,1.842079
708,0.03540000,CH1,1.423095
709,0.03545000,CH1,0.878039
710,0.03550000,CH1,0.238340
711,0.03555000,CH1,-0.396783
712,0.03560000,CH1,-0.903518
713,0.03565000,CH1,-1.376339
714,0.03570000,CH1,-1.660298
715,0.03575000,CH1,-1.749681
716,0.03580000,CH1,-1.631504
717,0.03585000,CH1,-1.362762
718,0.03590000,CH1,-0.932235
719,0.03595000,CH1,-0.354391
720,0.03600000,CH1,0.292940
721,0.03605000,CH1,0.895790
722,0.03610000,CH1,1.439028
723,0.03615000,CH1,1.845588
724,0.03620000,CH1,2.227154
725,0.03625000,CH1,2.226027
726,0.03630000,CH1,2.144677
727,0.03635000,CH1,1.854036
728,0.03640000,CH1,1.458108
729,0.03645000,CH1,0.876439
730,0.03650000,CH1,0.221458
731,0.03655000,CH1,-0.362682
732,0.03660000,CH1,-0.914632
733,0.03665000,CH1,-1.374404
734,0.03670000,CH1,-1.676517
735,0.03675000,CH1,-1.764501
736,0.03680000,CH1,-1.660850
737,0.03685000,CH1,-1.367579
738,0.03690000,CH1,-0.935969
739,0.03695000,CH1,-0.353330
740,0.03700000,CH1,0.231001
741,0.03705000,CH1,0.833406
742,0.03710000,CH1,1.410783
743,0.03715000,CH1,1.895012
744,0.03720000,CH1,2.140650
745,0.03725000,CH1,2.296816
746,0.03730000,CH1,2.161943
747,0.03735000,CH1,1.844745
748,0.03740000,CH1,1.408885
749,0.03745000,CH1,0.872901
750,0.03750000,CH1,0.226447
751,0.03755000,CH1,-0.320542
752,0.03760000,CH1,-0.945388
753,0.03765000,CH1,-1.354415
754,0.03770000,CH1,-1.622910
755,0.03775000,CH1,-1.752184
756,0.03780000,CH1,-1.672030
757,0.03785000,CH1,-1.373495
758,0.03790000,CH1,-0.918326
759,0.03795000,CH1,-0.350519
760,0.03800000,CH1,0.251134
761,0.03805000,CH1,0.840030
762,0.03810000,CH1,1.426417
763,0.03815000,CH1,1.854567
764,0.03820000,CH1,2.108448
765,0.03825000,CH1,2.236049
766,0.03830000,CH1,2.123464
767,0.03835000,CH1,1.879771
768,0.03840000,CH1,1.464454
769,0.03845000,CH1,0.905209
770,0.03850000,CH1,0.238536
771,0.03855000,CH1,-0.377382
772,0.03860000,CH1,-0.911795
773,0.03865000,CH1,-1.346808
774,0.03870000,CH1,-1.660488
775,0.03875000,CH1,-1.752853
776,0.03880000,CH1,-1.607974
777,0.03885000,CH1,-1.370183
778,0.03890000,CH1,-0.935277
779,0.03895000,CH1,-0.365636
780,0.03900000,CH1,0.261594
781,0.03905000,CH1,0.847601
782,0.03910000,CH1,1.420602
783,0.03915000,CH1,1.844707
784,0.03920000,CH1,2.146548
785,0.03925000,CH1,2.287538
786,0.03930000,CH1,2.166947
787,0.03935000,CH1,1.866183
788,0.03940000,CH1,1.406908
789,0.03945000,CH1,0.861806
790,0.03950000,CH1,0.271015
791,0.03955000,CH1,-0.379268
792,0.03960000,CH1,-0.896562
793,0.03965000,CH1,-1.395507
794,0.03970000,CH1,-1.657914
795,0.03975000,CH1,-1.715145
796,0.03980000,CH1,-1.692270
797,0.03985000,CH1,-1.344266
798,0.03990000,CH1,-0.962598
799,0.03995000,CH1,-0.369836
800,0.04000000,CH1,0.246549
801,0.04005000,CH1,0.884520
802,0.04010000,CH1,1.362480
803,0.04015000,CH1,1.829678
804,0.04020000,CH1,2.140793
805,0.04025000,CH1,2.250738
806,0.04030000,CH1,2.134249
807,0.04035000,CH1,1.863617
808,0.04040000,CH1,1.401847
809,0.04045000,CH1,0.860009
810,0.04050000,CH1,0.233065
811,0.04055000,CH1,-0.363154
812,0.04060000,CH1,-0.913942
813,0.04065000,CH1,-1.339375
814,0.04070000,CH1,-1.665241
815,0.04075000,CH1,-1.756360
816,0.04080000,CH1,-1.651158
817,0.04085000,CH1,-1.373932
818,0.04090000,CH1,-0.926610
819,0.04095000,CH1,-0.399278
820,0.04100000,CH1,0.257435
821,0.04105000,CH1,0.849730
822,0.04110000,CH1,1.406431
823,0.04115000,CH1,1.836271
824,0.04120000,CH1,2.175333
825,0.04125000,CH1,2.247188
826,0.04130000,CH1,2.175103
827,0.04135000,CH1,1.873480
828,0.04140000,CH1,1.391503
829,0.04145000,CH1,0.846360
830,0.04150000,CH1,0.265159
831,0.04155000,CH1,-0.383348
832,0.04160000,CH1,-0.947377
833,0.04165000,CH1,-1.371622
834,0.04170000,CH1,-1.655652
835,0.04175000,CH1,-1.770237
836,0.04180000,CH1,-1.658636
837,0.04185000,CH1,-1.377604
838,0.04190000,CH1,-0.977370
839,0.04195000,CH1,-0.357981
840,0.04200000,CH1,0.233773
841,0.04205000,CH1,0.894123
842,0.04210000,CH1,1.402568
843,0.04215000,CH1,1.836442
844,0.04220000,CH1,2.175866
845,0.04225000,CH1,2.218299
846,0.04230000,CH1,2.139390
847,0.04235000,CH1,1.879981
848,0.04240000,CH1,1.418978
849,0.04245000,CH1,0.834925
850,0.04250000,CH1,0.253761
851,0.04255000,CH1,-0.371920
852,0.04260000,CH1,-0.899893
853,0.04265000,CH1,-1.356261
854,0.04270000,CH1,-1.591399
855,0.04275000,CH1,-1.782918
856,0.04280000,CH1,-1.652547
857,0.04285000,CH1,-1.389367
858,0.04290000,CH1,-0.902475
859,0.04295000,CH1,-0.351597
860,0.04300000,CH1,0.265081
861,0.04305000,CH1,0.852487
862,0.04310000,CH1,1.410667
863,0.04315000,CH1,1.827440
864,0.04320000,CH1,2.186303
865,0.04325000,CH1,2.260164
866,0.04330000,CH1,2.146896
867,0.04335000,CH1,1.886704
868,0.04340000,CH1,1.440589
869,0.04345000,CH1,0.887539
870,0.04350000,CH1,0.217529
871,0.04355000,CH1,-0.382311
872,0.04360000,CH1,-0.921662
873,0.04365000,CH1,-1.360926
874,0.04370000,CH1,-1.632968
875,0.04375000,CH1,-1.770173
876,0.04380000,CH1,-1.649569
877,0.04385000,CH1,-1.323927
878,0.04390000,CH1,-0.911732
879,0.04395000,CH1,-0.350623
880,0.04400000,CH1,0.249616
881,0.04405000,CH1,0.883387
882,0.04410000,CH1,1.461650
883,0.04415000,CH1,1.870167
884,0.04420000,CH1,2.176593
885,0.04425000,CH1,2.232497
886,0.04430000,CH1,2.163915
887,0.04435000,CH1,1.886118
888,0.04440000,CH1,1.410530
889,0.04445000,CH1,0.889996
890,0.04450000,CH1,0.236495
891,0.04455000,CH1,-0.384139
892,0.04460000,CH1,-0.925594
893,0.04465000,CH1,-1.329394
894,0.04470000,CH1,-1.645930
895,0.04475000,CH1,-1.731284
896,0.04480000,CH1,-1.666749
897,0.04485000,CH1,-1.366484
898,0.04490000,CH1,-0.949102
899,0.04495000,CH1,-0.379456
900,0.04500000,CH1,0.266713
901,0.04505000,CH1,0.867266
902,0.04510000,CH1,1.454596
903,0.04515000,CH1,1.863986
904,0.04520000,CH1,2.148154
905,0.04525000,CH1,2.275534
906,0.04530000,CH1,2.139141
907,0.04535000,CH1,1.837639
908,0.04540000,CH1,1.451596
909,0.04545000,CH1,0.876318
910,0.04550000,CH1,0.206696
911,0.04555000,CH1,-0.367143
912,0.04560000,CH1,-0.933646
913,0.04565000,CH1,-1.333137
914,0.04570000,CH1,-1.666693
915,0.04575000,CH1,-1.761615
916,0.04580000,CH1,-1.670321
917,0.04585000,CH1,-1.389115
918,0.04590000,CH1,-0.939580
919,0.04595000,CH1,-0.396752
920,0.04600000,CH1,0.229376
921,0.04605000,CH1,0.835902
922,0.04610000,CH1,1.395625
923,0.04615000,CH1,1.836840
924,0.04620000,CH1,2.141690
925,0.04625000,CH1,2.236326
926,0.04630000,CH1,2.127584
927,0.04635000,CH1,1.877599
928,0.04640000,CH1,1.424609
929,0.04645000,CH1,0.859394
930,0.04650000,CH1,0.240721
931,0.04655000,CH1,-0.336176
932,0.04660000,CH1,-0.920774
933,0.04665000,CH1,-1.358526
934,0.04670000,CH1,-1.703834
935,0.04675000,CH1,-1.763075
936,0.04680000,CH1,-1.695533
937,0.04685000,CH1,-1.376558
938,0.04690000,CH1,-0.918104
939,0.04695000,CH1,-0.381520
940,0.04700000,CH1,0.260372
941,0.04705000,CH1,0.847579
942,0.04710000,CH1,1.437087
943,0.04715000,CH1,1.836962
944,0.04720000,CH1,2.146879
945,0.04725000,CH1,2.258396
946,0.04730000,CH1,2.162831
947,0.04735000,CH1,1.865489
948,0.04740000,CH1,1.464365
949,0.04745000,CH1,0.859746
950,0.04750000,CH1,0.240980
951,0.04755000,CH1,-0.423224
952,0.04760000,CH1,-0.890192
953,0.04765000,CH1,-1.375414
954,0.04770000,CH1,-1.675633
955,0.04775000,CH1,-1.723582
956,0.04780000,CH1,-1.627403
957,0.04785000,CH1,-1.365867
958,0.04790000,CH1,-0.954269
959,0.04795000,CH1,-0.359654
960,0.04800000,CH1,0.237572
961,0.04805000,CH1,0.844619
962,0.04810000,CH1,1.446438
963,0.04815000,CH1,1.825382
964,0.04820000,CH1,2.163456
965,0.04825000,CH1,2.259187
966,0.04830000,CH1,2.193133
967,0.04835000,CH1,1.874537
968,0.04840000,CH1,1.384402
969,0.04845000,CH1,0.851312
970,0.04850000,CH1,0.251293
971,0.04855000,CH1,-0.360923
972,0.04860000,CH1,-0.905954
973,0.04865000,CH1,-1.407228
974,0.04870000,CH1,-1.658712
975,0.04875000,CH1,-1.730603
976,0.04880000,CH1,-1.621234
977,0.04885000,CH1,-1.330814
978,0.04890000,CH1,-0.933375
979,0.04895000,CH1,-0.346082
980,0.04900000,CH1,0.284234
981,0.04905000,CH1,0.891995
982,0.04910000,CH1,1.440044
983,0.04915000,CH1,1.884590
984,0.04920000,CH1,2.136315
985,0.04925000,CH1,2.221055
986,0.04930000,CH1,2.171770
987,0.04935000,CH1,1.861093
988,0.04940000,CH1,1.425008
989,0.04945000,CH1,0.856460
990,0.04950000,CH1,0.242142
991,0.04955000,CH1,-0.363379
992,0.04960000,CH1,-0.946008
993,0.04965000,CH1,-1.366664
994,0.04970000,CH1,-1.647192
995,0.04975000,CH1,-1.751547
996,0.04980000,CH1,-1.666986
997,0.04985000,CH1,-1.352302
998,0.04990000,CH1,-0.888118
999,0.04995000,CH1,-0.380059
1000,0.05000000,CH1,0.274689
1001,0.05005000,CH1,0.885819
1002,0.05010000,CH1,1.372505
1003,0.05015000,CH1,1.852810
1004,0.05020000,CH1,2.139396
1005,0.05025000,CH1,2.265635
1006,0.05030000,CH1,2.155883
1007,0.05035000,CH1,1.877522
1008,0.05040000,CH1,1.438296
1009,0.05045000,CH1,0.850056
1010,0.05050000,CH1,0.235069
1011,0.05055000,CH1,-0.392492
1012,0.05060000,CH1,-0.928976
1013,0.05065000,CH1,-1.370416
1014,0.05070000,CH1,-1.648689
1015,0.05075000,CH1,-1.764546
1016,0.05080000,CH1,-1.633983
1017,0.05085000,CH1,-1.349692
1018,0.05090000,CH1,-0.894640
1019,0.05095000,CH1,-0.353808
1020,0.05100000,CH1,0.253710
1021,0.05105000,CH1,0.881482
1022,0.05110000,CH1,1.437766
1023,0.05115000,CH1,1.854998
1024,0.05120000,CH1,2.177901
1025,0.05125000,CH1,2.284370
1026,0.05130000,CH1,2.191652
1027,0.05135000,CH1,1.868739
1028,0.05140000,CH1,1.432056
1029,0.05145000,CH1,0.876361
1030,0.05150000,CH1,0.249949
1031,0.05155000,CH1,-0.355648
1032,0.05160000,CH1,-0.927994
1033,0.05165000,CH1,-1.371910
1034,0.05170000,CH1,-1.616933
1035,0.05175000,CH1,-1.746706
1036,0.05180000,CH1,-1.650773
1037,0.05185000,CH1,-1.350394
1038,0.05190000,CH1,-0.922564
1039,0.05195000,CH1,-0.362202
1040,0.05200000,CH1,0.248729
1041,0.05205000,CH1,0.843626
1042,0.05210000,CH1,1.424951
1043,0.05215000,CH1,1.845296
1044,0.05220000,CH1,2.156316
1045,0.05225000,CH1,2.226371
1046,0.05230000,CH1,2.170447
1047,0.05235000,CH1,1.883019
1048,0.05240000,CH1,1.431179
1049,0.05245000,CH1,0.866031
1050,0.05250000,CH1,0.258326
1051,0.05255000,CH1,-0.407334
1052,0.05260000,CH1,-0.947507
1053,0.05265000,CH1,-1.371009
1054,0.05270000,CH1,-1.645208
1055,0.05275000,CH1,-1.751588
1056,0.05280000,CH1,-1.672205
1057,0.05285000,CH1,-1.365365
1058,0.05290000,CH1,-0.934645
1059,0.05295000,CH1,-0.389406
1060,0.05300000,CH1,0.256590
1061,0.05305000,CH1,0.863834
1062,0.05310000,CH1,1.449500
1063,0.05315000,CH1,1.881345
1064,0.05320000,CH1,2.166806
1065,0.05325000,CH1,2.256433
1066,0.05330000,CH1,2.135209
1067,0.05335000,CH1,1.849321
1068,0.05340000,CH1,1.396147
1069,0.05345000,CH1,0.925614
1070,0.05350000,CH1,0.228411
1071,0.05355000,CH1,-0.372231
1072,0.05360000,CH1,-0.932778
1073,0.05365000,CH1,-1.373656
1074,0.05370000,CH1,-1.663794
1075,0.05375000,CH1,-1.787367
1076,0.05380000,CH1,-1.672077
1077,0.05385000,CH1,-1.395847
1078,0.05390000,CH1,-0.928106
1079,0.05395000,CH1,-0.381718
1080,0.05400000,CH1,0.236256
1081,0.05405000,CH1,0.872352
1082,0.05410000,CH1,1.413915
1083,0.05415000,CH1,1.886676
1084,0.05420000,CH1,2.144389
1085,0.05425000,CH1,2.254503
1086,0.05430000,CH1,2.125607
1087,0.05435000,CH1,1.881171
1088,0.05440000,CH1,1.417467
1089,0.05445000,CH1,0.876209
1090,0.05450000,CH1,0.256600
1091,0.05455000,CH1,-0.371503
1092,0.05460000,CH1,-0.921222
1093,0.05465000,CH1,-1.375740
1094,0.05470000,CH1,-1.625191
1095,0.05475000,CH1,-1.731314
1096,0.05480000,CH1,-1.642463
1097,0.05485000,CH1,-1.391637
1098,0.05490000,CH1,-0.947557
1099,0.05495000,CH1,-0.381311
1100,0.05500000,CH1,0.245100
1101,0.05505000,CH1,0.876994
1102,0.05510000,CH1,1.407640
1103,0.05515000,CH1,1.891575
1104,0.05520000,CH1,2.152185
1105,0.05525000,CH1,2.209744
1106,0.05530000,CH1,2.142607
1107,0.05535000,CH1,1.816330
1108,0.05540000,CH1,1.410536
1109,0.05545000,CH1,0.857051
1110,0.05550000,CH1,0.237792
1111,0.05555000,CH1,-0.374539
1112,0.05560000,CH1,-0.933453
1113,0.05565000,CH1,-1.379909
1114,0.05570000,CH1,-1.622063
1115,0.05575000,CH1,-1.725702
1116,0.05580000,CH1,-1.674950
1117,0.05585000,CH1,-1.342956
1118,0.05590000,CH1,-0.957998
1119,0.05595000,CH1,-0.384326
1120,0.05600000,CH1,0.280504
1121,0.05605000,CH1,0.823243
1122,0.05610000,CH1,1.437066
1123,0.05615000,CH1,1.842964
1124,0.05620000,CH1,2.149233
1125,0.05625000,CH1,2.246396
1126,0.05630000,CH1,2.186057
1127,0.05635000,CH1,1.851822
1128,0.05640000,CH1,1.424190
1129,0.05645000,CH1,0.880574
1130,0.05650000,CH1,0.244964
1131,0.05655000,CH1,-0.384475
1132,0.05660000,CH1,-0.926755
1133,0.05665000,CH1,-1.366164
1134,0.05670000,CH1,-1.634432
1135,0.05675000,CH1,-1.768861
1136,0.05680000,CH1,-1.661096
1137,0.05685000,CH1,-1.361575
1138,0.05690000,CH1,-0.928914
1139,0.05695000,CH1,-0.371740
1140,0.05700000,CH1,0.249660
1141,0.05705000,CH1,0.854117
1142,0.05710000,CH1,1.409577
1143,0.05715000,CH1,1.876849
1144,0.05720000,CH1,2.130211
1145,0.05725000,CH1,2.273308
1146,0.05730000,CH1,2.156459
1147,0.05735000,CH1,1.842503
1148,0.05740000,CH1,1.431231
1149,0.05745000,CH1,0.871380
1150,0.05750000,CH1,0.265243
1151,0.05755000,CH1,-0.344857
1152,0.05760000,CH1,-0.932899
1153,0.05765000,CH1,-1.382189
1154,0.05770000,CH1,-1.664233
1155,0.05775000,CH1,-1.769622
1156,0.05780000,CH1,-1.667042
1157,0.05785000,CH1,-1.362344
1158,0.05790000,CH1,-0.925265
1159,0.05795000,CH1,-0.377861
1160,0.05800000,CH1,0.235235
1161,0.05805000,CH1,0.874992
1162,0.05810000,CH1,1.415539
1163,0.05815000,CH1,1.847231
1164,0.05820000,CH1,2.149080
1165,0.05825000,CH1,2.244710
1166,0.05830000,CH1,2.130712
1167,0.05835000,CH1,1.884578
1168,0.05840000,CH1,1.442491
1169,0.05845000,CH1,0.868852
1170,0.05850000,CH1,0.252621
1171,0.05855000,CH1,-0.357488
1172,0.05860000,CH1,-0.926189
1173,0.05865000,CH1,-1.350208
1174,0.05870000,CH1,-1.618993
1175,0.05875000,CH1,-1.748390
1176,0.05880000,CH1,-1.643308
1177,0.05885000,CH1,-1.350565
1178,0.05890000,CH1,-0.932331
1179,0.05895000,CH1,-0.390600
1180,0.05900000,CH1,0.268120
1181,0.05905000,CH1,0.836659
1182,0.05910000,CH1,1.461347
1183,0.05915000,CH1,1.885443
1184,0.05920000,CH1,2.155867
1185,0.05925000,CH1,2.251022
1186,0.05930000,CH1,2.187140
1187,0.05935000,CH1,1.849109
1188,0.05940000,CH1,1.402367
1189,0.05945000,CH1,0.856071
1190,0.05950000,CH1,0.244764
1191,0.05955000,CH1,-0.388163
1192,0.05960000,CH1,-0.922493
1193,0.05965000,CH1,-1.365315
1194,0.05970000,CH1,-1.668390
1195,0.05975000,CH1,-1.717939
1196,0.05980000,CH1,-1.679955
1197,0.05985000,CH1,-1.393568
1198,0.05990000,CH1,-0.918048
1199,0.05995000,CH1,-0.372184
1200,0.06000000,CH1,0.258355
1201,0.06005000,CH1,0.855655
1202,0.06010000,CH1,1.404904
1203,0.06015000,CH1,1.855123
1204,0.06020000,CH1,2.138441
1205,0.06025000,CH1,2.260500
1206,0.06030000,CH1,2.142514
1207,0.06035000,CH1,1.883263
1208,0.06040000,CH1,1.437332
1209,0.06045000,CH1,0.888846
1210,0.06050000,CH1,0.268014
1211,0.06055000,CH1,-0.352347
1212,0.06060000,CH1,-0.910173
1213,0.06065000,CH1,-1.378368
1214,0.06070000,CH1,-1.657351
1215,0.06075000,CH1,-1.786603
1216,0.06080000,CH1,-1.646278
1217,0.06085000,CH1,-1.381509
1218,0.06090000,CH1,-0.917540
1219,0.06095000,CH1,-0.357484
1220,0.06100000,CH1,0.222958
1221,0.06105000,CH1,0.847757
1222,0.06110000,CH1,1.418584
1223,0.06115000,CH1,1.857682
1224,0.06120000,CH1,2.155453
1225,0.06125000,CH1,2.226892
1226,0.06130000,CH1,2.153057
1227,0.06135000,CH1,1.834264
1228,0.06140000,CH1,1.382468
1229,0.06145000,CH1,0.882367
1230,0.06150000,CH1,0.223894
1231,0.06155000,CH1,-0.379232
1232,0.06160000,CH1,-0.953918
1233,0.06165000,CH1,-1.396211
1234,0.06170000,CH1,-1.660090
1235,0.06175000,CH1,-1.758203
1236,0.06180000,CH1,-1.632461
1237,0.06185000,CH1,-1.359044
1238,0.06190000,CH1,-0.930793
1239,0.06195000,CH1,-0.352880
1240,0.06200000,CH1,0.272331
1241,0.06205000,CH1,0.876260
1242,0.06210000,CH1,1.417444
1243,0.06215000,CH1,1.888406
1244,0.06220000,CH1,2.187483
1245,0.06225000,CH1,2.263211
1246,0.06230000,CH1,2.187527
1247,0.06235000,CH1,1.886566
1248,0.06240000,CH1,1.442548
1249,0.06245000,CH1,0.846230
1250,0.06250000,CH1,0.227729
1251,0.06255000,CH1,-0.369024
1252,0.06260000,CH1,-0.958960
1253,0.06265000,CH1,-1.379893
1254,0.06270000,CH1,-1.634766
1255,0.06275000,CH1,-1.763303
1256,0.06280000,CH1,-1.641449
1257,0.06285000,CH1,-1.395059
1258,0.06290000,CH1,-0.935443
1259,0.06295000,CH1,-0.347565
1260,0.06300000,CH1,0.254170
1261,0.06305000,CH1,0.873840
1262,0.06310000,CH1,1.459665
1263,0.06315000,CH1,1.893970
1264,0.06320000,CH1,2.134576
1265,0.06325000,CH1,2.276358
1266,0.06330000,CH1,2.139808
1267,0.06335000,CH1,1.867682
1268,0.06340000,CH1,1.425875
1269,0.06345000,CH1,0.889495
1270,0.06350000,CH1,0.227415
1271,0.06355000,CH1,-0.358997
1272,0.06360000,CH1,-0.915090
1273,0.06365000,CH1,-1.351804
1274,0.06370000,CH1,-1.656321
1275,0.06375000,CH1,-1.729932
1276,0.06380000,CH1,-1.666344
1277,0.06385000,CH1,-1.345093
1278,0.06390000,CH1,-0.918526
1279,0.06395000,CH1,-0.396036
1280,0.06400000,CH1,0.258158
1281,0.06405000,CH1,0.871620
1282,0.06410000,CH1,1.418457
1283,0.06415000,CH1,1.853309
1284,0.06420000,CH1,2.147309
1285,0.06425000,CH1,2.221157
1286,0.06430000,CH1,2.185927
1287,0.06435000,CH1,1.845468
1288,0.06440000,CH1,1.412345
1289,0.06445000,CH1,0.890932
1290,0.06450000,CH1,0.261701
1291,0.06455000,CH1,-0.353629
1292,0.06460000,CH1,-0.895236
1293,0.06465000,CH1,-1.374277
1294,0.06470000,CH1,-1.673043
1295,0.06475000,CH1,-1.733115
1296,0.06480000,CH1,-1.636187
1297,0.06485000,CH1,-1.374572
1298,0.06490000,CH1,-0.950882
1299,0.06495000,CH1,-0.343251
1300,0.06500000,CH1,0.261517
1301,0.06505000,CH1,0.840565
1302,0.06510000,CH1,1.441170
1303,0.06515000,CH1,1.839214
1304,0.06520000,CH1,2.142460
1305,0.06525000,CH1,2.227534
1306,0.06530000,CH1,2.139356
1307,0.06535000,CH1,1.851368
1308,0.06540000,CH1,1.413304
1309,0.06545000,CH1,0.882519
1310,0.06550000,CH1,0.255892
1311,0.06555000,CH1,-0.355459
1312,0.06560000,CH1,-0.903724
1313,0.06565000,CH1,-1.375488
1314,0.06570000,CH1,-1.650515
1315,0.06575000,CH1,-1.739237
1316,0.06580000,CH1,-1.617978
1317,0.06585000,CH1,-1.350052
1318,0.06590000,CH1,-0.897939
1319,0.06595000,CH1,-0.347655
1320,0.06600000,CH1,0.271145
1321,0.06605000,CH1,0.832341
1322,0.06610000,CH1,1.443188
1323,0.06615000,CH1,1.872292
1324,0.06620000,CH1,2.153197
1325,0.06625000,CH1,2.239455
1326,0.06630000,CH1,2.143608
1327,0.06635000,CH1,1.876358
1328,0.06640000,CH1,1.442370
1329,0.06645000,CH1,0.838078
1330,0.06650000,CH1,0.254362
1331,0.06655000,CH1,-0.379248
1332,0.06660000,CH1,-0.944587
1333,0.06665000,CH1,-1.360182
1334,0.06670000,CH1,-1.658687
1335,0.06675000,CH1,-1.763181
1336,0.06680000,CH1,-1.667496
1337,0.06685000,CH1,-1.362408
1338,0.06690000,CH1,-0.925771
1339,0.06695000,CH1,-0.389867
1340,0.06700000,CH1,0.233180
1341,0.06705000,CH1,0.864384
1342,0.06710000,CH1,1.433673
1343,0.06715000,CH1,1.847040
1344,0.06720000,CH1,2.161875
1345,0.06725000,CH1,2.233520
1346,0.06730000,CH1,2.206668
1347,0.06735000,CH1,1.849214
1348,0.06740000,CH1,1.409768
1349,0.06745000,CH1,0.871914
1350,0.06750000,CH1,0.231952
1351,0.06755000,CH1,-0.351481
1352,0.06760000,CH1,-0.889542
1353,0.06765000,CH1,-1.375786
1354,0.06770000,CH1,-1.648658
1355,0.06775000,CH1,-1.760355
1356,0.06780000,CH1,-1.652114
1357,0.06785000,CH1,-1.339399
1358,0.06790000,CH1,-0.907686
1359,0.06795000,CH1,-0.386118
1360,0.06800000,CH1,0.280918
1361,0.06805000,CH1,0.891275
1362,0.06810000,CH1,1.435298
1363,0.06815000,CH1,1.854850
1364,0.06820000,CH1,2.153427
1365,0.06825000,CH1,2.234091
1366,0.06830000,CH1,2.161465
1367,0.06835000,CH1,1.861705
1368,0.06840000,CH1,1.380871
1369,0.06845000,CH1,0.886558
1370,0.06850000,CH1,0.253829
1371,0.06855000,CH1,-0.346464
1372,0.06860000,CH1,-0.928294
1373,0.06865000,CH1,-1.364265
1374,0.06870000,CH1,-1.629807
1375,0.06875000,CH1,-1.742244
1376,0.06880000,CH1,-1.646353
1377,0.06885000,CH1,-1.303746
1378,0.06890000,CH1,-0.928951
1379,0.06895000,CH1,-0.364650
1380,0.06900000,CH1,0.284681
1381,0.06905000,CH1,0.851934
1382,0.06910000,CH1,1.404751
1383,0.06915000,CH1,1.839393
1384,0.06920000,CH1,2.162786
1385,0.06925000,CH1,2.262513
1386,0.06930000,CH1,2.166943
1387,0.06935000,CH1,1.840963
1388,0.06940000,CH1,1.445688
1389,0.06945000,CH1,0.891979
1390,0.06950000,CH1,0.248054
1391,0.06955000,CH1,-0.367383
1392,0.06960000,CH1,-0.912059
1393,0.06965000,CH1,-1.360691
1394,0.06970000,CH1,-1.639274
1395,0.06975000,CH1,-1.771722
1396,0.06980000,CH1,-1.655605
1397,0.06985000,CH1,-1.392283
1398,0.06990000,CH1,-0.912945
1399,0.06995000,CH1,-0.357430
1400,0.07000000,CH1,0.248024
1401,0.07005000,CH1,0.873970
1402,0.07010000,CH1,1.394440
1403,0.07015000,CH1,1.885192
1404,0.07020000,CH1,2.142768
1405,0.07025000,CH1,2.252581
1406,0.07030000,CH1,2.174420
1407,0.07035000,CH1,1.852904
1408,0.07040000,CH1,1.449515
1409,0.07045000,CH1,0.870515
1410,0.07050000,CH1,0.250564
1411,0.07055000,CH1,-0.356913
1412,0.07060000,CH1,-0.950511
1413,0.07065000,CH1,-1.356152
1414,0.07070000,CH1,-1.650883
1415,0.07075000,CH1,-1.729274
1416,0.07080000,CH1,-1.656449
1417,0.07085000,CH1,-1.375300
1418,0.07090000,CH1,-0.918178
1419,0.07095000,CH1,-0.369221
1420,0.07100000,CH1,0.226521
1421,0.07105000,CH1,0.864155
1422,0.07110000,CH1,1.450923
1423,0.07115000,CH1,1.866172
1424,0.07120000,CH1,2.134704
1425,0.07125000,CH1,2.264319
1426,0.07130000,CH1,2.115044
1427,0.07135000,CH1,1.825629
1428,0.07140000,CH1,1.425487
1429,0.07145000,CH1,0.871652
1430,0.07150000,CH1,0.254408
1431,0.07155000,CH1,-0.385890
1432,0.07160000,CH1,-0.928580
1433,0.07165000,CH1,-1.396009
1434,0.07170000,CH1,-1.647722
1435,0.07175000,CH1,-1.782306
1436,0.07180000,CH1,-1.655098
1437,0.07185000,CH1,-1.362802
1438,0.07190000,CH1,-0.960703
1439,0.07195000,CH1,-0.378484
1440,0.07200000,CH1,0.265763
1441,0.07205000,CH1,0.899013
1442,0.07210000,CH1,1.395491
1443,0.07215000,CH1,1.874832
1444,0.07220000,CH1,2.127394
1445,0.07225000,CH1,2.223095
1446,0.07230000,CH1,2.184035
1447,0.07235000,CH1,1.881398
1448,0.07240000,CH1,1.409487
1449,0.07245000,CH1,0.872415
1450,0.07250000,CH1,0.262839
1451,0.07255000,CH1,-0.364408
1452,0.07260000,CH1,-0.880625
1453,0.07265000,CH1,-1.355918
1454,0.07270000,CH1,-1.711973
1455,0.07275000,CH1,-1.755804
1456,0.07280000,CH1,-1.666845
1457,0.07285000,CH1,-1.372117
1458,0.07290000,CH1,-0.925301
1459,0.07295000,CH1,-0.381057
1460,0.07300000,CH1,0.228302
1461,0.07305000,CH1,0.895302
1462,0.07310000,CH1,1.437517
1463,0.07315000,CH1,1.854619
1464,0.07320000,CH1,2.165706
1465,0.07325000,CH1,2.263504
1466,0.07330000,CH1,2.177459
1467,0.07335000,CH1,1.846928
1468,0.07340000,CH1,1.441168
1469,0.07345000,CH1,0.855878
1470,0.07350000,CH1,0.273101
1471,0.07355000,CH1,-0.371883
1472,0.07360000,CH1,-0.971006
1473,0.07365000,CH1,-1.367327
1474,0.07370000,CH1,-1.687796
1475,0.07375000,CH1,-1.754343
1476,0.07380000,CH1,-1.653277
1477,0.07385000,CH1,-1.376060
1478,0.07390000,CH1,-0.955309
1479,0.07395000,CH1,-0.390349
1480,0.07400000,CH1,0.233108
1481,0.07405000,CH1,0.863072
1482,0.07410000,CH1,1.451341
1483,0.07415000,CH1,1.882216
1484,0.07420000,CH1,2.142669
1485,0.07425000,CH1,2.275478
1486,0.07430000,CH1,2.124752
1487,0.07435000,CH1,1.881734
1488,0.07440000,CH1,1.422066
1489,0.07445000,CH1,0.872760
1490,0.07450000,CH1,0.262769
1491,0.07455000,CH1,-0.381625
1492,0.07460000,CH1,-0.909547
1493,0.07465000,CH1,-1.368220
1494,0.07470000,CH1,-1.603877
1495,0.07475000,CH1,-1.756085
1496,0.07480000,CH1,-1.626730
1497,0.07485000,CH1,-1.355092
1498,0.07490000,CH1,-0.949053
1499,0.07495000,CH1,-0.340822
1500,0.07500000,CH1,0.228792
1501,0.07505000,CH1,0.823394
1502,0.07510000,CH1,1.442637
1503,0.07515000,CH1,1.889413
1504,0.07520000,CH1,2.153154
1505,0.07525000,CH1,2.244780
1506,0.07530000,CH1,2.183787
1507,0.07535000,CH1,1.882271
1508,0.07540000,CH1,1.412453
1509,0.07545000,CH1,0.882665
1510,0.07550000,CH1,0.225134
1511,0.07555000,CH1,-0.379213
1512,0.07560000,CH1,-0.946593
1513,0.07565000,CH1,-1.412034
1514,0.07570000,CH1,-1.675659
1515,0.07575000,CH1,-1.725553
1516,0.07580000,CH1,-1.674069
1517,0.07585000,CH1,-1.379035
1518,0.07590000,CH1,-0.948790
1519,0.07595000,CH1,-0.350722
1520,0.07600000,CH1,0.250024
1521,0.07605000,CH1,0.877849
1522,0.07610000,CH1,1.423457
1523,0.07615000,CH1,1.844613
1524,0.07620000,CH1,2.132634
1525,0.07625000,CH1,2.266745
1526,0.07630000,CH1,2.150965
1527,0.07635000,CH1,1.883522
1528,0.07640000,CH1,1.362319
1529,0.07645000,CH1,0.890236
1530,0.07650000,CH1,0.240121
1531,0.07655000,CH1,-0.324577
1532,0.07660000,CH1,-0.935786
1533,0.07665000,CH1,-1.367469
1534,0.07670000,CH1,-1.638905
1535,0.07675000,CH1,-1.767516
1536,0.07680000,CH1,-1.634658
1537,0.07685000,CH1,-1.380938
1538,0.07690000,CH1,-0.899788
1539,0.07695000,CH1,-0.352170
1540,0.07700000,CH1,0.259913
1541,0.07705000,CH1,0.853550
1542,0.07710000,CH1,1.421359
1543,0.07715000,CH1,1.874032
1544,0.07720000,CH1,2.111446
1545,0.07725000,CH1,2.238965
1546,0.07730000,CH1,2.170875
1547,0.07735000,CH1,1.842670
1548,0.07740000,CH1,1.451150
1549,0.07745000,CH1,0.855468
1550,0.07750000,CH1,0.256465
1551,0.07755000,CH1,-0.390987
1552,0.07760000,CH1,-0.915883
1553,0.07765000,CH1,-1.358779
1554,0.07770000,CH1,-1.629386
1555,0.07775000,CH1,-1.722919
1556,0.07780000,CH1,-1.627043
1557,0.07785000,CH1,-1.363856
1558,0.07790000,CH1,-0.950094
1559,0.07795000,CH1,-0.341559
1560,0.07800000,CH1,0.223917
1561,0.07805000,CH1,0.859260
1562,0.07810000,CH1,1.440313
1563,0.07815000,CH1,1.876905
1564,0.07820000,CH1,2.183974
1565,0.07825000,CH1,2.249919
1566,0.07830000,CH1,2.118312
1567,0.07835000,CH1,1.862529
1568,0.07840000,CH1,1.429052
1569,0.07845000,CH1,0.861022
1570,0.07850000,CH1,0.278249
1571,0.07855000,CH1,-0.372986
1572,0.07860000,CH1,-0.954287
1573,0.07865000,CH1,-1.358698
1574,0.07870000,CH1,-1.675067
1575,0.07875000,CH1,-1.716002
1576,0.07880000,CH1,-1.646711
1577,0.07885000,CH1,-1.396100
1578,0.07890000,CH1,-0.903983
1579,0.07895000,CH1,-0.320649
1580,0.07900000,CH1,0.209919
1581,0.07905000,CH1,0.886095
1582,0.07910000,CH1,1.435251
1583,0.07915000,CH1,1.871548
1584,0.07920000,CH1,2.158980
1585,0.07925000,CH1,2.259838
1586,0.07930000,CH1,2.138253
1587,0.07935000,CH1,1.896254
1588,0.07940000,CH1,1.398580
1589,0.07945000,CH1,0.907205
1590,0.07950000,CH1,0.280554
1591,0.07955000,CH1,-0.391757
1592,0.07960000,CH1,-0.925679
1593,0.07965000,CH1,-1.339637
1594,0.07970000,CH1,-1.661933
1595,0.07975000,CH1,-1.753248
1596,0.07980000,CH1,-1.660161
1597,0.07985000,CH1,-1.344685
1598,0.07990000,CH1,-0.937724
1599,0.07995000,CH1,-0.368231
1600,0.08000000,CH1,0.260804
1601,0.08005000,CH1,0.863882
1602,0.08010000,CH1,1.408242
1603,0.08015000,CH1,1.841203
1604,0.08020000,CH1,2.121748
1605,0.08025000,CH1,2.226404
1606,0.08030000,CH1,2.117702
1607,0.08035000,CH1,1.853496
1608,0.08040000,CH1,1.431575
1609,0.08045000,CH1,0.869116
1610,0.08050000,CH1,0.233467
1611,0.08055000,CH1,-0.388394
1612,0.08060000,CH1,-0.945438
1613,0.08065000,CH1,-1.395792
1614,0.08070000,CH1,-1.676831
1615,0.08075000,CH1,-1.735713
1616,0.08080000,CH1,-1.680205
1617,0.08085000,CH1,-1.367688
1618,0.08090000,CH1,-0.937932
1619,0.08095000,CH1,-0.319475
1620,0.08100000,CH1,0.214061
1621,0.08105000,CH1,0.871900
1622,0.08110000,CH1,1.418895
1623,0.08115000,CH1,1.852611
1624,0.08120000,CH1,2.158417
1625,0.08125000,CH1,2.253112
1626,0.08130000,CH1,2.130735
1627,0.08135000,CH1,1.876560
1628,0.08140000,CH1,1.433354
1629,0.08145000,CH1,0.894223
1630,0.08150000,CH1,0.237801
1631,0.08155000,CH1,-0.338625
1632,0.08160000,CH1,-0.929507
1633,0.08165000,CH1,-1.407554
1634,0.08170000,CH1,-1.641651
1635,0.08175000,CH1,-1.751632
1636,0.08180000,CH1,-1.669760
1637,0.08185000,CH1,-1.349369
1638,0.08190000,CH1,-0.935003
1639,0.08195000,CH1,-0.347696
1640,0.08200000,CH1,0.248346
1641,0.08205000,CH1,0.883040
1642,0.08210000,CH1,1.439160
1643,0.08215000,CH1,1.877497
1644,0.08220000,CH1,2.131472
1645,0.08225000,CH1,2.268394
1646,0.08230000,CH1,2.152548
1647,0.08235000,CH1,1.908079
1648,0.08240000,CH1,1.435144
1649,0.08245000,CH1,0.883057
1650,0.08250000,CH1,0.234702
1651,0.08255000,CH1,-0.376157
1652,0.08260000,CH1,-0.923636
1653,0.08265000,CH1,-1.391444
1654,0.08270000,CH1,-1.675519
1655,0.08275000,CH1,-1.752172
1656,0.08280000,CH1,-1.653670
1657,0.08285000,CH1,-1.363992
1658,0.08290000,CH1,-0.903228
1659,0.08295000,CH1,-0.376041
1660,0.08300000,CH1,0.263618
1661,0.08305000,CH1,0.865141
1662,0.08310000,CH1,1.421690
1663,0.08315000,CH1,1.873175
1664,0.08320000,CH1,2.110758
1665,0.08325000,CH1,2.251327
1666,0.08330000,CH1,2.139348
1667,0.08335000,CH1,1.849437
1668,0.08340000,CH1,1.387831
1669,0.08345000,CH1,0.859176
1670,0.08350000,CH1,0.212451
1671,0.08355000,CH1,-0.350632
1672,0.08360000,CH1,-0.930357
1673,0.08365000,CH1,-1.401675
1674,0.08370000,CH1,-1.665584
1675,0.08375000,CH1,-1.734901
1676,0.08380000,CH1,-1.664011
1677,0.08385000,CH1,-1.373658
1678,0.08390000,CH1,-0.932954
1679,0.08395000,CH1,-0.370600
1680,0.08400000,CH1,0.216005
1681,0.08405000,CH1,0.867125
1682,0.08410000,CH1,1.414409
1683,0.08415000,CH1,1.927110
1684,0.08420000,CH1,2.147853
1685,0.08425000,CH1,2.240888
1686,0.08430000,CH1,2.171883
1687,0.08435000,CH1,1.864913
1688,0.08440000,CH1,1.430637
1689,0.08445000,CH1,0.850552
1690,0.08450000,CH1,0.281105
1691,0.08455000,CH1,-0.380587
1692,0.08460000,CH1,-0.918063
1693,0.08465000,CH1,-1.345387
1694,0.08470000,CH1,-1.658203
1695,0.08475000,CH1,-1.750003
1696,0.08480000,CH1,-1.640383
1697,0.08485000,CH1,-1.354380
1698,0.08490000,CH1,-0.947372
1699,0.08495000,CH1,-0.364404
1700,0.08500000,CH1,0.231093
1701,0.08505000,CH1,0.853127
1702,0.08510000,CH1,1.412603
1703,0.08515000,CH1,1.892354
1704,0.08520000,CH1,2.184045
1705,0.08525000,CH1,2.302109
1706,0.08530000,CH1,2.150982
1707,0.08535000,CH1,1.851206
1708,0.08540000,CH1,1.406181
1709,0.08545000,CH1,0.900184
1710,0.08550000,CH1,0.219232
1711,0.08555000,CH1,-0.374373
1712,0.08560000,CH1,-0.936892
1713,0.08565000,CH1,-1.333034
1714,0.08570000,CH1,-1.672380
1715,0.08575000,CH1,-1.727967
1716,0.08580000,CH1,-1.625846
1717,0.08585000,CH1,-1.371369
1718,0.08590000,CH1,-0.916261
1719,0.08595000,CH1,-0.398808
1720,0.08600000,CH1,0.248236
1721,0.08605000,CH1,0.863733
1722,0.08610000,CH1,1.373979
1723,0.08615000,CH1,1.876342
1724,0.08620000,CH1,2.159216
1725,0.08625000,CH1,2.216132
1726,0.08630000,CH1,2.123868
1727,0.08635000,CH1,1.853048
1728,0.08640000,CH1,1.414987
1729,0.08645000,CH1,0.861907
1730,0.08650000,CH1,0.230838
1731,0.08655000,CH1,-0.388191
1732,0.08660000,CH1,-0.919440
1733,0.08665000,CH1,-1.377539
1734,0.08670000,CH1,-1.654249
1735,0.08675000,CH1,-1.754594
1736,0.08680000,CH1,-1.642969
1737,0.08685000,CH1,-1.371119
1738,0.08690000,CH1,-0.908340
1739,0.08695000,CH1,-0.365974
1740,0.08700000,CH1,0.267781
1741,0.08705000,CH1,0.892976
1742,0.08710000,CH1,1.396361
1743,0.08715000,CH1,1.886474
1744,0.08720000,CH1,2.187769
1745,0.08725000,CH1,2.230549
1746,0.08730000,CH1,2.151476
1747,0.08735000,CH1,1.860890
1748,0.08740000,CH1,1.434387
1749,0.08745000,CH1,0.878434
1750,0.08750000,CH1,0.236614
1751,0.08755000,CH1,-0.341783
1752,0.08760000,CH1,-0.942704
1753,0.08765000,CH1,-1.370800
1754,0.08770000,CH1,-1.631641
1755,0.08775000,CH1,-1.710931
1756,0.08780000,CH1,-1.662366
1757,0.08785000,CH1,-1.352388
1758,0.08790000,CH1,-0.921170
1759,0.08795000,CH1,-0.399683
1760,0.08800000,CH1,0.230896
1761,0.08805000,CH1,0.843939
1762,0.08810000,CH1,1.415504
1763,0.08815000,CH1,1.859698
1764,0.08820000,CH1,2.152672
1765,0.08825000,CH1,2.275554
1766,0.08830000,CH1,2.160563
1767,0.08835000,CH1,1.921095
1768,0.08840000,CH1,1.420702
1769,0.08845000,CH1,0.883819
1770,0.08850000,CH1,0.258288
1771,0.08855000,CH1,-0.337903
1772,0.08860000,CH1,-0.933145
1773,0.08865000,CH1,-1.351129
1774,0.08870000,CH1,-1.619532
1775,0.08875000,CH1,-1.764416
1776,0.08880000,CH1,-1.653610
1777,0.08885000,CH1,-1.357948
1778,0.08890000,CH1,-0.934266
1779,0.08895000,CH1,-0.385539
1780,0.08900000,CH1,0.286655
1781,0.08905000,CH1,0.863441
1782,0.08910000,CH1,1.460252
1783,0.08915000,CH1,1.857865
1784,0.08920000,CH1,2.147971
1785,0.08925000,CH1,2.265943
1786,0.08930000,CH1,2.147993
1787,0.08935000,CH1,1.850057
1788,0.08940000,CH1,1.411172
1789,0.08945000,CH1,0.873487
1790,0.08950000,CH1,0.236678
1791,0.08955000,CH1,-0.366273
1792,0.08960000,CH1,-0.970716
1793,0.08965000,CH1,-1.379196
1794,0.08970000,CH1,-1.655719
1795,0.08975000,CH1,-1.760253
1796,0.08980000,CH1,-1.671985
1797,0.08985000,CH1,-1.385704
1798,0.08990000,CH1,-0.924160
1799,0.08995000,CH1,-0.338293
1800,0.09000000,CH1,0.222031
1801,0.09005000,CH1,0.862509
1802,0.09010000,CH1,1.445111
1803,0.09015000,CH1,1.874723
1804,0.09020000,CH1,2.150238
1805,0.09025000,CH1,2.240986
1806,0.09030000,CH1,2.152378
1807,0.09035000,CH1,1.866013
1808,0.09040000,CH1,1.381841
1809,0.09045000,CH1,0.853718
1810,0.09050000,CH1,0.211008
1811,0.09055000,CH1,-0.342213
1812,0.09060000,CH1,-0.909118
1813,0.09065000,CH1,-1.383799
1814,0.09070000,CH1,-1.636015
1815,0.09075000,CH1,-1.701027
1816,0.09080000,CH1,-1.664575
1817,0.09085000,CH1,-1.342048
1818,0.09090000,CH1,-0.918320
1819,0.09095000,CH1,-0.372768
1820,0.09100000,CH1,0.227882
1821,0.09105000,CH1,0.856915
1822,0.09110000,CH1,1.417672
1823,0.09115000,CH1,1.821718
1824,0.09120000,CH1,2.162722
1825,0.09125000,CH1,2.243565
1826,0.09130000,CH1,2.161298
1827,0.09135000,CH1,1.859649
1828,0.09140000,CH1,1.485536
1829,0.09145000,CH1,0.834888
1830,0.09150000,CH1,0.231339
1831,0.09155000,CH1,-0.353930
1832,0.09160000,CH1,-0.878401
1833,0.09165000,CH1,-1.387882
1834,0.09170000,CH1,-1.615529
1835,0.09175000,CH1,-1.768341
1836,0.09180000,CH1,-1.626246
1837,0.09185000,CH1,-1.366526
1838,0.09190000,CH1,-0.880971
1839,0.09195000,CH1,-0.332394
1840,0.09200000,CH1,0.237046
1841,0.09205000,CH1,0.926748
1842,0.09210000,CH1,1.403087
1843,0.09215000,CH1,1.861762
1844,0.09220000,CH1,2.188271
1845,0.09225000,CH1,2.235304
1846,0.09230000,CH1,2.139286
1847,0.09235000,CH1,1.870647
1848,0.09240000,CH1,1.434620
1849,0.09245000,CH1,0.875778
1850,0.09250000,CH1,0.235086
1851,0.09255000,CH1,-0.364096
1852,0.09260000,CH1,-0.912822
1853,0.09265000,CH1,-1.337954
1854,0.09270000,CH1,-1.645550
1855,0.09275000,CH1,-1.775060
1856,0.09280000,CH1,-1.651545
1857,0.09285000,CH1,-1.380446
1858,0.09290000,CH1,-0.899190
1859,0.09295000,CH1,-0.401542
1860,0.09300000,CH1,0.261195
1861,0.09305000,CH1,0.846726
1862,0.09310000,CH1,1.451012
1863,0.09315000,CH1,1.883457
1864,0.09320000,CH1,2.156500
1865,0.09325000,CH1,2.260099
1866,0.09330000,CH1,2.145375
1867,0.09335000,CH1,1.881550
1868,0.09340000,CH1,1.424578
1869,0.09345000,CH1,0.882658
1870,0.09350000,CH1,0.251172
1871,0.09355000,CH1,-0.417658
1872,0.09360000,CH1,-0.935844
1873,0.09365000,CH1,-1.337684
1874,0.09370000,CH1,-1.623062
1875,0.09375000,CH1,-1.747909
1876,0.09380000,CH1,-1.654634
1877,0.09385000,CH1,-1.374739
1878,0.09390000,CH1,-0.912959
1879,0.09395000,CH1,-0.356453
1880,0.09400000,CH1,0.230418
1881,0.09405000,CH1,0.881267
1882,0.09410000,CH1,1.450228
1883,0.09415000,CH1,1.848937
1884,0.09420000,CH1,2.148376
1885,0.09425000,CH1,2.259271
1886,0.09430000,CH1,2.166568
1887,0.09435000,CH1,1.859623
1888,0.09440000,CH1,1.414997
1889,0.09445000,CH1,0.858756
1890,0.09450000,CH1,0.257705
1891,0.09455000,CH1,-0.359452
1892,0.09460000,CH1,-0.925959
1893,0.09465000,CH1,-1.395318
1894,0.09470000,CH1,-1.673913
1895,0.09475000,CH1,-1.737264
1896,0.09480000,CH1,-1.676535
1897,0.09485000,CH1,-1.363507
1898,0.09490000,CH1,-0.932786
1899,0.09495000,CH1,-0.380079
1900,0.09500000,CH1,0.250534
1901,0.09505000,CH1,0.901561
1902,0.09510000,CH1,1.431347
1903,0.09515000,CH1,1.862121
1904,0.09520000,CH1,2.122646
1905,0.09525000,CH1,2.260245
1906,0.09530000,CH1,2.174847
1907,0.09535000,CH1,1.880182
1908,0.09540000,CH1,1.448890
1909,0.09545000,CH1,0.877566
1910,0.09550000,CH1,0.223935
1911,0.09555000,CH1,-0.368933
1912,0.09560000,CH1,-0.915073
1913,0.09565000,CH1,-1.353614
1914,0.09570000,CH1,-1.661975
1915,0.09575000,CH1,-1.751267
1916,0.09580000,CH1,-1.644796
1917,0.09585000,CH1,-1.342608
1918,0.09590000,CH1,-0.905466
1919,0.09595000,CH1,-0.355108
1920,0.09600000,CH1,0.257924
1921,0.09605000,CH1,0.847528
1922,0.09610000,CH1,1.403551
1923,0.09615000,CH1,1.866197
1924,0.09620000,CH1,2.172945
1925,0.09625000,CH1,2.257907
1926,0.09630000,CH1,2.163335
1927,0.09635000,CH1,1.838003
1928,0.09640000,CH1,1.396337
1929,0.09645000,CH1,0.890432
1930,0.09650000,CH1,0.249307
1931,0.09655000,CH1,-0.394308
1932,0.09660000,CH1,-0.907927
1933,0.09665000,CH1,-1.362873
1934,0.09670000,CH1,-1.593084
1935,0.09675000,CH1,-1.725000
1936,0.09680000,CH1,-1.645179
1937,0.09685000,CH1,-1.371056
1938,0.09690000,CH1,-0.920925
1939,0.09695000,CH1,-0.370087
1940,0.09700000,CH1,0.221224
1941,0.09705000,CH1,0.886584
1942,0.09710000,CH1,1.431068
1943,0.09715000,CH1,1.812940
1944,0.09720000,CH1,2.139403
1945,0.09725000,CH1,2.233425
1946,0.09730000,CH1,2.171731
1947,0.09735000,CH1,1.867153
1948,0.09740000,CH1,1.455319
1949,0.09745000,CH1,0.836204
1950,0.09750000,CH1,0.228484
1951,0.09755000,CH1,-0.346692
1952,0.09760000,CH1,-0.938675
1953,0.09765000,CH1,-1.389207
1954,0.09770000,CH1,-1.662646
1955,0.09775000,CH1,-1.765196
1956,0.09780000,CH1,-1.641326
1957,0.09785000,CH1,-1.345671
1958,0.09790000,CH1,-0.957309
1959,0.09795000,CH1,-0.373850
1960,0.09800000,CH1,0.250285
1961,0.09805000,CH1,0.869678
1962,0.09810000,CH1,1.442236
1963,0.09815000,CH1,1.870431
1964,0.09820000,CH1,2.140517
1965,0.09825000,CH1,2.227762
1966,0.09830000,CH1,2.115619
1967,0.09835000,CH1,1.860612
1968,0.09840000,CH1,1.425859
1969,0.09845000,CH1,0.886468
1970,0.09850000,CH1,0.242445
1971,0.09855000,CH1,-0.321560
1972,0.09860000,CH1,-0.927100
1973,0.09865000,CH1,-1.377701
1974,0.09870000,CH1,-1.644501
1975,0.09875000,CH1,-1.769411
1976,0.09880000,CH1,-1.647935
1977,0.09885000,CH1,-1.409316
1978,0.09890000,CH1,-0.912049
1979,0.09895000,CH1,-0.366700
1980,0.09900000,CH1,0.254211
1981,0.09905000,CH1,0.871130
1982,0.09910000,CH1,1.400095
1983,0.09915000,CH1,1.850062
1984,0.09920000,CH1,2.183442
1985,0.09925000,CH1,2.259892
1986,0.09930000,CH1,2.140168
1987,0.09935000,CH1,1.876456
1988,0.09940000,CH1,1.433725
1989,0.09945000,CH1,0.907124
1990,0.09950000,CH1,0.272207
1991,0.09955000,CH1,-0.359811
1992,0.09960000,CH1,-0.934554
1993,0.09965000,CH1,-1.332360
1994,0.09970000,CH1,-1.654144
1995,0.09975000,CH1,-1.767410
1996,0.09980000,CH1,-1.676518
1997,0.09985000,CH1,-1.385282
1998,0.09990000,CH1,-0.932852
1999,0.09995000,CH1,-0.352726
